sim_num,category,winner,team_a_value,team_b_value
0,FG%,B,,
0,FT%,B,,
0,3P%,B,,
0,FG3M,B,,
0,PTS,B,,
0,REB,B,,
0,AST,B,,
0,STL,B,,
0,BLK,B,,
0,DD,B,,
0,TO,A,,
1,FG%,B,,
1,FT%,A,,
1,3P%,B,,
1,FG3M,B,,
1,PTS,B,,
1,REB,B,,
1,AST,B,,
1,STL,B,,
1,BLK,B,,
1,DD,B,,
1,TO,A,,
2,FG%,B,,
2,FT%,B,,
2,3P%,B,,
2,FG3M,B,,
2,PTS,B,,
2,REB,B,,
2,AST,B,,
2,STL,A,,
2,BLK,B,,
2,DD,TIE,,
2,TO,A,,
3,FG%,B,,
3,FT%,B,,
3,3P%,B,,
3,FG3M,B,,
3,PTS,B,,
3,REB,B,,
3,AST,B,,
3,STL,TIE,,
3,BLK,B,,
3,DD,A,,
3,TO,A,,
4,FG%,B,,
4,FT%,B,,
4,3P%,B,,
4,FG3M,B,,
4,PTS,B,,
4,REB,B,,
4,AST,B,,
4,STL,B,,
4,BLK,B,,
4,DD,B,,
4,TO,A,,
5,FG%,B,,
5,FT%,B,,
5,3P%,B,,
5,FG3M,B,,
5,PTS,B,,
5,REB,B,,
5,AST,B,,
5,STL,B,,
5,BLK,B,,
5,DD,B,,
5,TO,B,,
6,FG%,B,,
6,FT%,B,,
6,3P%,A,,
6,FG3M,A,,
6,PTS,B,,
6,REB,B,,
6,AST,B,,
6,STL,A,,
6,BLK,B,,
6,DD,B,,
6,TO,A,,
7,FG%,A,,
7,FT%,B,,
7,3P%,A,,
7,FG3M,A,,
7,PTS,B,,
7,REB,B,,
7,AST,B,,
7,STL,B,,
7,BLK,B,,
7,DD,B,,
7,TO,A,,
8,FG%,A,,
8,FT%,B,,
8,3P%,B,,
8,FG3M,B,,
8,PTS,B,,
8,REB,B,,
8,AST,B,,
8,STL,A,,
8,BLK,B,,
8,DD,B,,
8,TO,A,,
9,FG%,B,,
9,FT%,B,,
9,3P%,B,,
9,FG3M,B,,
9,PTS,B,,
9,REB,B,,
9,AST,B,,
9,STL,B,,
9,BLK,B,,
9,DD,B,,
9,TO,A,,
10,FG%,B,,
10,FT%,B,,
10,3P%,B,,
10,FG3M,B,,
10,PTS,B,,
10,REB,B,,
10,AST,B,,
10,STL,B,,
10,BLK,B,,
10,DD,B,,
10,TO,A,,
11,FG%,A,,
11,FT%,B,,
11,3P%,B,,
11,FG3M,B,,
11,PTS,B,,
11,REB,B,,
11,AST,B,,
11,STL,B,,
11,BLK,B,,
11,DD,B,,
11,TO,B,,
12,FG%,B,,
12,FT%,B,,
12,3P%,B,,
12,FG3M,B,,
12,PTS,B,,
12,REB,B,,
12,AST,B,,
12,STL,B,,
12,BLK,A,,
12,DD,B,,
12,TO,A,,
13,FG%,B,,
13,FT%,B,,
13,3P%,B,,
13,FG3M,B,,
13,PTS,B,,
13,REB,B,,
13,AST,B,,
13,STL,A,,
13,BLK,A,,
13,DD,A,,
13,TO,A,,
14,FG%,B,,
14,FT%,B,,
14,3P%,A,,
14,FG3M,A,,
14,PTS,B,,
14,REB,B,,
14,AST,B,,
14,STL,B,,
14,BLK,B,,
14,DD,B,,
14,TO,A,,
15,FG%,B,,
15,FT%,B,,
15,3P%,B,,
15,FG3M,B,,
15,PTS,B,,
15,REB,B,,
15,AST,B,,
15,STL,B,,
15,BLK,B,,
15,DD,B,,
15,TO,B,,
16,FG%,B,,
16,FT%,B,,
16,3P%,B,,
16,FG3M,B,,
16,PTS,B,,
16,REB,B,,
16,AST,B,,
16,STL,B,,
16,BLK,B,,
16,DD,A,,
16,TO,A,,
17,FG%,B,,
17,FT%,B,,
17,3P%,B,,
17,FG3M,B,,
17,PTS,B,,
17,REB,B,,
17,AST,B,,
17,STL,B,,
17,BLK,B,,
17,DD,B,,
17,TO,A,,
18,FG%,A,,
18,FT%,B,,
18,3P%,B,,
18,FG3M,B,,
18,PTS,B,,
18,REB,B,,
18,AST,B,,
18,STL,B,,
18,BLK,B,,
18,DD,B,,
18,TO,A,,
19,FG%,B,,
19,FT%,B,,
19,3P%,B,,
19,FG3M,B,,
19,PTS,B,,
19,REB,B,,
19,AST,B,,
19,STL,B,,
19,BLK,B,,
19,DD,B,,
19,TO,A,,
20,FG%,B,,
20,FT%,B,,
20,3P%,A,,
20,FG3M,B,,
20,PTS,B,,
20,REB,B,,
20,AST,B,,
20,STL,B,,
20,BLK,B,,
20,DD,B,,
20,TO,A,,
21,FG%,B,,
21,FT%,A,,
21,3P%,B,,
21,FG3M,B,,
21,PTS,B,,
21,REB,B,,
21,AST,B,,
21,STL,A,,
21,BLK,TIE,,
21,DD,B,,
21,TO,A,,
22,FG%,B,,
22,FT%,B,,
22,3P%,B,,
22,FG3M,B,,
22,PTS,B,,
22,REB,B,,
22,AST,B,,
22,STL,B,,
22,BLK,B,,
22,DD,B,,
22,TO,A,,
23,FG%,B,,
23,FT%,B,,
23,3P%,B,,
23,FG3M,B,,
23,PTS,B,,
23,REB,B,,
23,AST,B,,
23,STL,B,,
23,BLK,B,,
23,DD,B,,
23,TO,A,,
24,FG%,B,,
24,FT%,A,,
24,3P%,B,,
24,FG3M,B,,
24,PTS,B,,
24,REB,B,,
24,AST,B,,
24,STL,B,,
24,BLK,B,,
24,DD,B,,
24,TO,A,,
25,FG%,B,,
25,FT%,B,,
25,3P%,B,,
25,FG3M,B,,
25,PTS,B,,
25,REB,B,,
25,AST,B,,
25,STL,B,,
25,BLK,B,,
25,DD,B,,
25,TO,A,,
26,FG%,B,,
26,FT%,B,,
26,3P%,B,,
26,FG3M,B,,
26,PTS,B,,
26,REB,B,,
26,AST,B,,
26,STL,B,,
26,BLK,B,,
26,DD,B,,
26,TO,B,,
27,FG%,B,,
27,FT%,B,,
27,3P%,B,,
27,FG3M,B,,
27,PTS,B,,
27,REB,B,,
27,AST,B,,
27,STL,B,,
27,BLK,A,,
27,DD,B,,
27,TO,A,,
28,FG%,B,,
28,FT%,B,,
28,3P%,B,,
28,FG3M,B,,
28,PTS,B,,
28,REB,B,,
28,AST,B,,
28,STL,B,,
28,BLK,A,,
28,DD,B,,
28,TO,A,,
29,FG%,A,,
29,FT%,B,,
29,3P%,B,,
29,FG3M,B,,
29,PTS,B,,
29,REB,B,,
29,AST,B,,
29,STL,B,,
29,BLK,B,,
29,DD,B,,
29,TO,A,,
30,FG%,B,,
30,FT%,B,,
30,3P%,B,,
30,FG3M,B,,
30,PTS,B,,
30,REB,B,,
30,AST,B,,
30,STL,B,,
30,BLK,B,,
30,DD,A,,
30,TO,A,,
31,FG%,B,,
31,FT%,B,,
31,3P%,A,,
31,FG3M,A,,
31,PTS,B,,
31,REB,B,,
31,AST,B,,
31,STL,B,,
31,BLK,B,,
31,DD,B,,
31,TO,A,,
32,FG%,B,,
32,FT%,B,,
32,3P%,A,,
32,FG3M,A,,
32,PTS,B,,
32,REB,B,,
32,AST,B,,
32,STL,B,,
32,BLK,A,,
32,DD,TIE,,
32,TO,A,,
33,FG%,B,,
33,FT%,B,,
33,3P%,B,,
33,FG3M,B,,
33,PTS,B,,
33,REB,B,,
33,AST,B,,
33,STL,B,,
33,BLK,B,,
33,DD,TIE,,
33,TO,A,,
34,FG%,B,,
34,FT%,B,,
34,3P%,A,,
34,FG3M,B,,
34,PTS,B,,
34,REB,B,,
34,AST,B,,
34,STL,B,,
34,BLK,B,,
34,DD,B,,
34,TO,A,,
35,FG%,B,,
35,FT%,B,,
35,3P%,B,,
35,FG3M,B,,
35,PTS,B,,
35,REB,B,,
35,AST,B,,
35,STL,B,,
35,BLK,B,,
35,DD,B,,
35,TO,A,,
36,FG%,B,,
36,FT%,B,,
36,3P%,B,,
36,FG3M,B,,
36,PTS,B,,
36,REB,B,,
36,AST,B,,
36,STL,B,,
36,BLK,B,,
36,DD,TIE,,
36,TO,A,,
37,FG%,B,,
37,FT%,B,,
37,3P%,B,,
37,FG3M,B,,
37,PTS,B,,
37,REB,B,,
37,AST,B,,
37,STL,B,,
37,BLK,A,,
37,DD,B,,
37,TO,A,,
38,FG%,A,,
38,FT%,B,,
38,3P%,B,,
38,FG3M,B,,
38,PTS,B,,
38,REB,B,,
38,AST,B,,
38,STL,B,,
38,BLK,B,,
38,DD,B,,
38,TO,A,,
39,FG%,B,,
39,FT%,A,,
39,3P%,A,,
39,FG3M,B,,
39,PTS,B,,
39,REB,B,,
39,AST,B,,
39,STL,B,,
39,BLK,A,,
39,DD,B,,
39,TO,B,,
40,FG%,B,,
40,FT%,B,,
40,3P%,B,,
40,FG3M,B,,
40,PTS,B,,
40,REB,B,,
40,AST,B,,
40,STL,B,,
40,BLK,B,,
40,DD,B,,
40,TO,A,,
41,FG%,B,,
41,FT%,B,,
41,3P%,A,,
41,FG3M,A,,
41,PTS,B,,
41,REB,B,,
41,AST,B,,
41,STL,A,,
41,BLK,B,,
41,DD,B,,
41,TO,A,,
42,FG%,A,,
42,FT%,B,,
42,3P%,B,,
42,FG3M,B,,
42,PTS,B,,
42,REB,B,,
42,AST,B,,
42,STL,A,,
42,BLK,B,,
42,DD,B,,
42,TO,A,,
43,FG%,B,,
43,FT%,B,,
43,3P%,B,,
43,FG3M,B,,
43,PTS,B,,
43,REB,B,,
43,AST,B,,
43,STL,B,,
43,BLK,B,,
43,DD,B,,
43,TO,A,,
44,FG%,B,,
44,FT%,B,,
44,3P%,B,,
44,FG3M,B,,
44,PTS,B,,
44,REB,B,,
44,AST,B,,
44,STL,B,,
44,BLK,B,,
44,DD,B,,
44,TO,A,,
45,FG%,B,,
45,FT%,B,,
45,3P%,B,,
45,FG3M,B,,
45,PTS,B,,
45,REB,B,,
45,AST,B,,
45,STL,B,,
45,BLK,B,,
45,DD,B,,
45,TO,A,,
46,FG%,A,,
46,FT%,B,,
46,3P%,B,,
46,FG3M,B,,
46,PTS,B,,
46,REB,B,,
46,AST,B,,
46,STL,B,,
46,BLK,B,,
46,DD,B,,
46,TO,A,,
47,FG%,B,,
47,FT%,B,,
47,3P%,B,,
47,FG3M,B,,
47,PTS,B,,
47,REB,B,,
47,AST,B,,
47,STL,B,,
47,BLK,B,,
47,DD,B,,
47,TO,A,,
48,FG%,B,,
48,FT%,B,,
48,3P%,B,,
48,FG3M,B,,
48,PTS,B,,
48,REB,A,,
48,AST,B,,
48,STL,A,,
48,BLK,B,,
48,DD,A,,
48,TO,A,,
49,FG%,A,,
49,FT%,A,,
49,3P%,B,,
49,FG3M,B,,
49,PTS,B,,
49,REB,B,,
49,AST,B,,
49,STL,B,,
49,BLK,B,,
49,DD,B,,
49,TO,A,,
50,FG%,B,,
50,FT%,B,,
50,3P%,B,,
50,FG3M,B,,
50,PTS,B,,
50,REB,B,,
50,AST,B,,
50,STL,B,,
50,BLK,B,,
50,DD,B,,
50,TO,A,,
51,FG%,A,,
51,FT%,B,,
51,3P%,B,,
51,FG3M,B,,
51,PTS,B,,
51,REB,B,,
51,AST,B,,
51,STL,B,,
51,BLK,B,,
51,DD,TIE,,
51,TO,B,,
52,FG%,B,,
52,FT%,B,,
52,3P%,A,,
52,FG3M,B,,
52,PTS,B,,
52,REB,B,,
52,AST,B,,
52,STL,B,,
52,BLK,B,,
52,DD,B,,
52,TO,A,,
53,FG%,B,,
53,FT%,B,,
53,3P%,B,,
53,FG3M,B,,
53,PTS,B,,
53,REB,B,,
53,AST,B,,
53,STL,B,,
53,BLK,B,,
53,DD,B,,
53,TO,A,,
54,FG%,A,,
54,FT%,B,,
54,3P%,B,,
54,FG3M,B,,
54,PTS,B,,
54,REB,B,,
54,AST,B,,
54,STL,B,,
54,BLK,B,,
54,DD,B,,
54,TO,A,,
55,FG%,B,,
55,FT%,B,,
55,3P%,B,,
55,FG3M,B,,
55,PTS,B,,
55,REB,B,,
55,AST,B,,
55,STL,B,,
55,BLK,B,,
55,DD,B,,
55,TO,A,,
56,FG%,A,,
56,FT%,B,,
56,3P%,B,,
56,FG3M,B,,
56,PTS,B,,
56,REB,B,,
56,AST,B,,
56,STL,A,,
56,BLK,B,,
56,DD,B,,
56,TO,A,,
57,FG%,A,,
57,FT%,B,,
57,3P%,B,,
57,FG3M,B,,
57,PTS,B,,
57,REB,B,,
57,AST,B,,
57,STL,B,,
57,BLK,B,,
57,DD,B,,
57,TO,A,,
58,FG%,B,,
58,FT%,B,,
58,3P%,B,,
58,FG3M,B,,
58,PTS,B,,
58,REB,B,,
58,AST,B,,
58,STL,B,,
58,BLK,B,,
58,DD,TIE,,
58,TO,A,,
59,FG%,B,,
59,FT%,B,,
59,3P%,B,,
59,FG3M,B,,
59,PTS,B,,
59,REB,B,,
59,AST,B,,
59,STL,A,,
59,BLK,B,,
59,DD,B,,
59,TO,A,,
60,FG%,B,,
60,FT%,B,,
60,3P%,B,,
60,FG3M,B,,
60,PTS,B,,
60,REB,B,,
60,AST,B,,
60,STL,B,,
60,BLK,B,,
60,DD,A,,
60,TO,A,,
61,FG%,B,,
61,FT%,B,,
61,3P%,B,,
61,FG3M,B,,
61,PTS,B,,
61,REB,B,,
61,AST,B,,
61,STL,B,,
61,BLK,A,,
61,DD,TIE,,
61,TO,B,,
62,FG%,B,,
62,FT%,B,,
62,3P%,A,,
62,FG3M,B,,
62,PTS,B,,
62,REB,B,,
62,AST,B,,
62,STL,B,,
62,BLK,B,,
62,DD,B,,
62,TO,A,,
63,FG%,A,,
63,FT%,B,,
63,3P%,B,,
63,FG3M,B,,
63,PTS,B,,
63,REB,B,,
63,AST,B,,
63,STL,B,,
63,BLK,B,,
63,DD,TIE,,
63,TO,A,,
64,FG%,B,,
64,FT%,B,,
64,3P%,B,,
64,FG3M,A,,
64,PTS,B,,
64,REB,B,,
64,AST,B,,
64,STL,B,,
64,BLK,B,,
64,DD,TIE,,
64,TO,A,,
65,FG%,B,,
65,FT%,B,,
65,3P%,B,,
65,FG3M,B,,
65,PTS,B,,
65,REB,B,,
65,AST,B,,
65,STL,B,,
65,BLK,B,,
65,DD,TIE,,
65,TO,A,,
66,FG%,B,,
66,FT%,B,,
66,3P%,B,,
66,FG3M,B,,
66,PTS,B,,
66,REB,B,,
66,AST,B,,
66,STL,B,,
66,BLK,B,,
66,DD,TIE,,
66,TO,A,,
67,FG%,B,,
67,FT%,B,,
67,3P%,A,,
67,FG3M,A,,
67,PTS,B,,
67,REB,B,,
67,AST,B,,
67,STL,B,,
67,BLK,B,,
67,DD,B,,
67,TO,A,,
68,FG%,B,,
68,FT%,B,,
68,3P%,B,,
68,FG3M,B,,
68,PTS,B,,
68,REB,B,,
68,AST,B,,
68,STL,B,,
68,BLK,B,,
68,DD,A,,
68,TO,A,,
69,FG%,A,,
69,FT%,B,,
69,3P%,B,,
69,FG3M,B,,
69,PTS,B,,
69,REB,B,,
69,AST,B,,
69,STL,A,,
69,BLK,B,,
69,DD,B,,
69,TO,A,,
70,FG%,B,,
70,FT%,B,,
70,3P%,B,,
70,FG3M,B,,
70,PTS,B,,
70,REB,B,,
70,AST,B,,
70,STL,B,,
70,BLK,B,,
70,DD,B,,
70,TO,A,,
71,FG%,B,,
71,FT%,B,,
71,3P%,A,,
71,FG3M,A,,
71,PTS,B,,
71,REB,B,,
71,AST,B,,
71,STL,B,,
71,BLK,B,,
71,DD,B,,
71,TO,A,,
72,FG%,B,,
72,FT%,B,,
72,3P%,B,,
72,FG3M,B,,
72,PTS,B,,
72,REB,B,,
72,AST,B,,
72,STL,A,,
72,BLK,B,,
72,DD,B,,
72,TO,A,,
73,FG%,B,,
73,FT%,B,,
73,3P%,B,,
73,FG3M,B,,
73,PTS,B,,
73,REB,B,,
73,AST,B,,
73,STL,B,,
73,BLK,B,,
73,DD,B,,
73,TO,A,,
74,FG%,B,,
74,FT%,B,,
74,3P%,B,,
74,FG3M,B,,
74,PTS,B,,
74,REB,B,,
74,AST,B,,
74,STL,B,,
74,BLK,B,,
74,DD,B,,
74,TO,A,,
75,FG%,B,,
75,FT%,B,,
75,3P%,B,,
75,FG3M,B,,
75,PTS,B,,
75,REB,B,,
75,AST,B,,
75,STL,B,,
75,BLK,B,,
75,DD,B,,
75,TO,A,,
76,FG%,B,,
76,FT%,B,,
76,3P%,A,,
76,FG3M,A,,
76,PTS,B,,
76,REB,B,,
76,AST,B,,
76,STL,B,,
76,BLK,B,,
76,DD,B,,
76,TO,A,,
77,FG%,B,,
77,FT%,B,,
77,3P%,B,,
77,FG3M,B,,
77,PTS,B,,
77,REB,B,,
77,AST,B,,
77,STL,A,,
77,BLK,B,,
77,DD,B,,
77,TO,A,,
78,FG%,B,,
78,FT%,B,,
78,3P%,B,,
78,FG3M,B,,
78,PTS,B,,
78,REB,B,,
78,AST,B,,
78,STL,B,,
78,BLK,B,,
78,DD,B,,
78,TO,A,,
79,FG%,B,,
79,FT%,B,,
79,3P%,B,,
79,FG3M,B,,
79,PTS,B,,
79,REB,A,,
79,AST,B,,
79,STL,B,,
79,BLK,B,,
79,DD,TIE,,
79,TO,A,,
80,FG%,B,,
80,FT%,B,,
80,3P%,B,,
80,FG3M,B,,
80,PTS,B,,
80,REB,B,,
80,AST,B,,
80,STL,B,,
80,BLK,B,,
80,DD,B,,
80,TO,A,,
81,FG%,B,,
81,FT%,B,,
81,3P%,B,,
81,FG3M,B,,
81,PTS,B,,
81,REB,B,,
81,AST,A,,
81,STL,B,,
81,BLK,B,,
81,DD,B,,
81,TO,A,,
82,FG%,B,,
82,FT%,B,,
82,3P%,B,,
82,FG3M,B,,
82,PTS,B,,
82,REB,B,,
82,AST,B,,
82,STL,TIE,,
82,BLK,B,,
82,DD,B,,
82,TO,A,,
83,FG%,B,,
83,FT%,B,,
83,3P%,B,,
83,FG3M,B,,
83,PTS,B,,
83,REB,B,,
83,AST,B,,
83,STL,B,,
83,BLK,B,,
83,DD,B,,
83,TO,A,,
84,FG%,A,,
84,FT%,B,,
84,3P%,B,,
84,FG3M,B,,
84,PTS,B,,
84,REB,B,,
84,AST,B,,
84,STL,B,,
84,BLK,B,,
84,DD,B,,
84,TO,A,,
85,FG%,B,,
85,FT%,B,,
85,3P%,A,,
85,FG3M,B,,
85,PTS,B,,
85,REB,B,,
85,AST,B,,
85,STL,B,,
85,BLK,B,,
85,DD,B,,
85,TO,A,,
86,FG%,A,,
86,FT%,B,,
86,3P%,A,,
86,FG3M,A,,
86,PTS,B,,
86,REB,B,,
86,AST,B,,
86,STL,B,,
86,BLK,B,,
86,DD,B,,
86,TO,A,,
87,FG%,B,,
87,FT%,B,,
87,3P%,B,,
87,FG3M,B,,
87,PTS,B,,
87,REB,B,,
87,AST,B,,
87,STL,A,,
87,BLK,B,,
87,DD,B,,
87,TO,A,,
88,FG%,B,,
88,FT%,B,,
88,3P%,B,,
88,FG3M,B,,
88,PTS,B,,
88,REB,B,,
88,AST,B,,
88,STL,B,,
88,BLK,B,,
88,DD,B,,
88,TO,A,,
89,FG%,B,,
89,FT%,B,,
89,3P%,B,,
89,FG3M,B,,
89,PTS,B,,
89,REB,B,,
89,AST,B,,
89,STL,B,,
89,BLK,B,,
89,DD,B,,
89,TO,A,,
90,FG%,B,,
90,FT%,B,,
90,3P%,B,,
90,FG3M,B,,
90,PTS,B,,
90,REB,B,,
90,AST,B,,
90,STL,B,,
90,BLK,B,,
90,DD,B,,
90,TO,A,,
91,FG%,A,,
91,FT%,B,,
91,3P%,B,,
91,FG3M,B,,
91,PTS,B,,
91,REB,B,,
91,AST,B,,
91,STL,B,,
91,BLK,B,,
91,DD,B,,
91,TO,A,,
92,FG%,B,,
92,FT%,B,,
92,3P%,B,,
92,FG3M,B,,
92,PTS,B,,
92,REB,B,,
92,AST,B,,
92,STL,B,,
92,BLK,B,,
92,DD,TIE,,
92,TO,A,,
93,FG%,B,,
93,FT%,B,,
93,3P%,B,,
93,FG3M,B,,
93,PTS,B,,
93,REB,B,,
93,AST,B,,
93,STL,B,,
93,BLK,B,,
93,DD,B,,
93,TO,A,,
94,FG%,B,,
94,FT%,B,,
94,3P%,B,,
94,FG3M,B,,
94,PTS,B,,
94,REB,B,,
94,AST,B,,
94,STL,B,,
94,BLK,B,,
94,DD,B,,
94,TO,A,,
95,FG%,B,,
95,FT%,B,,
95,3P%,B,,
95,FG3M,B,,
95,PTS,B,,
95,REB,B,,
95,AST,B,,
95,STL,A,,
95,BLK,B,,
95,DD,B,,
95,TO,A,,
96,FG%,B,,
96,FT%,B,,
96,3P%,B,,
96,FG3M,B,,
96,PTS,B,,
96,REB,B,,
96,AST,B,,
96,STL,B,,
96,BLK,B,,
96,DD,B,,
96,TO,A,,
97,FG%,A,,
97,FT%,B,,
97,3P%,B,,
97,FG3M,B,,
97,PTS,B,,
97,REB,B,,
97,AST,B,,
97,STL,B,,
97,BLK,B,,
97,DD,B,,
97,TO,A,,
98,FG%,B,,
98,FT%,B,,
98,3P%,B,,
98,FG3M,B,,
98,PTS,B,,
98,REB,B,,
98,AST,B,,
98,STL,B,,
98,BLK,B,,
98,DD,B,,
98,TO,A,,
99,FG%,B,,
99,FT%,B,,
99,3P%,B,,
99,FG3M,B,,
99,PTS,B,,
99,REB,B,,
99,AST,B,,
99,STL,B,,
99,BLK,B,,
99,DD,B,,
99,TO,A,,
100,FG%,B,,
100,FT%,B,,
100,3P%,A,,
100,FG3M,A,,
100,PTS,B,,
100,REB,B,,
100,AST,B,,
100,STL,B,,
100,BLK,B,,
100,DD,A,,
100,TO,TIE,,
101,FG%,B,,
101,FT%,B,,
101,3P%,A,,
101,FG3M,A,,
101,PTS,B,,
101,REB,B,,
101,AST,B,,
101,STL,A,,
101,BLK,B,,
101,DD,B,,
101,TO,A,,
102,FG%,B,,
102,FT%,B,,
102,3P%,B,,
102,FG3M,B,,
102,PTS,B,,
102,REB,B,,
102,AST,B,,
102,STL,B,,
102,BLK,B,,
102,DD,B,,
102,TO,A,,
103,FG%,B,,
103,FT%,B,,
103,3P%,B,,
103,FG3M,B,,
103,PTS,B,,
103,REB,B,,
103,AST,B,,
103,STL,B,,
103,BLK,B,,
103,DD,TIE,,
103,TO,A,,
104,FG%,B,,
104,FT%,B,,
104,3P%,B,,
104,FG3M,B,,
104,PTS,B,,
104,REB,B,,
104,AST,B,,
104,STL,B,,
104,BLK,B,,
104,DD,B,,
104,TO,A,,
105,FG%,B,,
105,FT%,B,,
105,3P%,B,,
105,FG3M,B,,
105,PTS,B,,
105,REB,B,,
105,AST,B,,
105,STL,B,,
105,BLK,B,,
105,DD,B,,
105,TO,A,,
106,FG%,B,,
106,FT%,B,,
106,3P%,B,,
106,FG3M,B,,
106,PTS,B,,
106,REB,B,,
106,AST,B,,
106,STL,B,,
106,BLK,B,,
106,DD,TIE,,
106,TO,A,,
107,FG%,B,,
107,FT%,B,,
107,3P%,B,,
107,FG3M,B,,
107,PTS,B,,
107,REB,B,,
107,AST,B,,
107,STL,B,,
107,BLK,B,,
107,DD,B,,
107,TO,A,,
108,FG%,B,,
108,FT%,B,,
108,3P%,B,,
108,FG3M,B,,
108,PTS,B,,
108,REB,B,,
108,AST,B,,
108,STL,A,,
108,BLK,B,,
108,DD,TIE,,
108,TO,A,,
109,FG%,B,,
109,FT%,B,,
109,3P%,B,,
109,FG3M,B,,
109,PTS,B,,
109,REB,B,,
109,AST,B,,
109,STL,B,,
109,BLK,B,,
109,DD,TIE,,
109,TO,A,,
110,FG%,A,,
110,FT%,B,,
110,3P%,B,,
110,FG3M,B,,
110,PTS,B,,
110,REB,B,,
110,AST,B,,
110,STL,B,,
110,BLK,B,,
110,DD,B,,
110,TO,A,,
111,FG%,B,,
111,FT%,B,,
111,3P%,B,,
111,FG3M,B,,
111,PTS,B,,
111,REB,B,,
111,AST,B,,
111,STL,B,,
111,BLK,B,,
111,DD,B,,
111,TO,A,,
112,FG%,B,,
112,FT%,B,,
112,3P%,B,,
112,FG3M,B,,
112,PTS,B,,
112,REB,B,,
112,AST,B,,
112,STL,A,,
112,BLK,B,,
112,DD,B,,
112,TO,A,,
113,FG%,B,,
113,FT%,B,,
113,3P%,B,,
113,FG3M,B,,
113,PTS,B,,
113,REB,B,,
113,AST,B,,
113,STL,A,,
113,BLK,B,,
113,DD,B,,
113,TO,A,,
114,FG%,B,,
114,FT%,B,,
114,3P%,A,,
114,FG3M,B,,
114,PTS,B,,
114,REB,B,,
114,AST,B,,
114,STL,A,,
114,BLK,B,,
114,DD,B,,
114,TO,A,,
115,FG%,B,,
115,FT%,B,,
115,3P%,B,,
115,FG3M,B,,
115,PTS,B,,
115,REB,B,,
115,AST,B,,
115,STL,B,,
115,BLK,B,,
115,DD,B,,
115,TO,A,,
116,FG%,B,,
116,FT%,B,,
116,3P%,B,,
116,FG3M,B,,
116,PTS,B,,
116,REB,B,,
116,AST,B,,
116,STL,B,,
116,BLK,B,,
116,DD,B,,
116,TO,A,,
117,FG%,B,,
117,FT%,B,,
117,3P%,B,,
117,FG3M,B,,
117,PTS,B,,
117,REB,B,,
117,AST,B,,
117,STL,B,,
117,BLK,B,,
117,DD,B,,
117,TO,A,,
118,FG%,A,,
118,FT%,B,,
118,3P%,B,,
118,FG3M,B,,
118,PTS,B,,
118,REB,A,,
118,AST,B,,
118,STL,B,,
118,BLK,B,,
118,DD,B,,
118,TO,A,,
119,FG%,B,,
119,FT%,B,,
119,3P%,A,,
119,FG3M,B,,
119,PTS,B,,
119,REB,B,,
119,AST,B,,
119,STL,B,,
119,BLK,B,,
119,DD,B,,
119,TO,A,,
120,FG%,B,,
120,FT%,B,,
120,3P%,B,,
120,FG3M,B,,
120,PTS,B,,
120,REB,B,,
120,AST,B,,
120,STL,B,,
120,BLK,B,,
120,DD,B,,
120,TO,A,,
121,FG%,B,,
121,FT%,B,,
121,3P%,B,,
121,FG3M,B,,
121,PTS,B,,
121,REB,B,,
121,AST,B,,
121,STL,B,,
121,BLK,B,,
121,DD,B,,
121,TO,A,,
122,FG%,B,,
122,FT%,B,,
122,3P%,B,,
122,FG3M,B,,
122,PTS,B,,
122,REB,B,,
122,AST,B,,
122,STL,B,,
122,BLK,B,,
122,DD,B,,
122,TO,A,,
123,FG%,B,,
123,FT%,B,,
123,3P%,B,,
123,FG3M,B,,
123,PTS,B,,
123,REB,B,,
123,AST,B,,
123,STL,B,,
123,BLK,A,,
123,DD,B,,
123,TO,A,,
124,FG%,B,,
124,FT%,B,,
124,3P%,B,,
124,FG3M,B,,
124,PTS,B,,
124,REB,A,,
124,AST,B,,
124,STL,B,,
124,BLK,B,,
124,DD,B,,
124,TO,A,,
125,FG%,B,,
125,FT%,B,,
125,3P%,B,,
125,FG3M,B,,
125,PTS,B,,
125,REB,B,,
125,AST,B,,
125,STL,B,,
125,BLK,B,,
125,DD,B,,
125,TO,A,,
126,FG%,B,,
126,FT%,B,,
126,3P%,B,,
126,FG3M,B,,
126,PTS,B,,
126,REB,B,,
126,AST,B,,
126,STL,B,,
126,BLK,TIE,,
126,DD,B,,
126,TO,A,,
127,FG%,B,,
127,FT%,B,,
127,3P%,B,,
127,FG3M,B,,
127,PTS,B,,
127,REB,B,,
127,AST,B,,
127,STL,B,,
127,BLK,B,,
127,DD,B,,
127,TO,A,,
128,FG%,B,,
128,FT%,B,,
128,3P%,A,,
128,FG3M,A,,
128,PTS,B,,
128,REB,B,,
128,AST,B,,
128,STL,B,,
128,BLK,B,,
128,DD,B,,
128,TO,A,,
129,FG%,B,,
129,FT%,B,,
129,3P%,B,,
129,FG3M,B,,
129,PTS,B,,
129,REB,B,,
129,AST,B,,
129,STL,B,,
129,BLK,B,,
129,DD,TIE,,
129,TO,B,,
130,FG%,A,,
130,FT%,B,,
130,3P%,B,,
130,FG3M,B,,
130,PTS,B,,
130,REB,B,,
130,AST,B,,
130,STL,B,,
130,BLK,B,,
130,DD,B,,
130,TO,A,,
131,FG%,B,,
131,FT%,B,,
131,3P%,A,,
131,FG3M,TIE,,
131,PTS,B,,
131,REB,B,,
131,AST,B,,
131,STL,B,,
131,BLK,B,,
131,DD,B,,
131,TO,A,,
132,FG%,B,,
132,FT%,B,,
132,3P%,B,,
132,FG3M,B,,
132,PTS,B,,
132,REB,B,,
132,AST,B,,
132,STL,B,,
132,BLK,B,,
132,DD,TIE,,
132,TO,A,,
133,FG%,B,,
133,FT%,B,,
133,3P%,B,,
133,FG3M,B,,
133,PTS,B,,
133,REB,B,,
133,AST,B,,
133,STL,B,,
133,BLK,B,,
133,DD,B,,
133,TO,A,,
134,FG%,B,,
134,FT%,B,,
134,3P%,B,,
134,FG3M,B,,
134,PTS,B,,
134,REB,B,,
134,AST,B,,
134,STL,B,,
134,BLK,B,,
134,DD,B,,
134,TO,A,,
135,FG%,B,,
135,FT%,B,,
135,3P%,B,,
135,FG3M,B,,
135,PTS,B,,
135,REB,B,,
135,AST,B,,
135,STL,B,,
135,BLK,B,,
135,DD,B,,
135,TO,A,,
136,FG%,B,,
136,FT%,B,,
136,3P%,B,,
136,FG3M,B,,
136,PTS,B,,
136,REB,B,,
136,AST,B,,
136,STL,B,,
136,BLK,B,,
136,DD,B,,
136,TO,B,,
137,FG%,B,,
137,FT%,A,,
137,3P%,B,,
137,FG3M,B,,
137,PTS,B,,
137,REB,B,,
137,AST,B,,
137,STL,A,,
137,BLK,B,,
137,DD,B,,
137,TO,A,,
138,FG%,B,,
138,FT%,B,,
138,3P%,A,,
138,FG3M,B,,
138,PTS,B,,
138,REB,B,,
138,AST,B,,
138,STL,B,,
138,BLK,TIE,,
138,DD,TIE,,
138,TO,A,,
139,FG%,B,,
139,FT%,B,,
139,3P%,B,,
139,FG3M,B,,
139,PTS,B,,
139,REB,B,,
139,AST,B,,
139,STL,B,,
139,BLK,B,,
139,DD,B,,
139,TO,B,,
140,FG%,B,,
140,FT%,B,,
140,3P%,B,,
140,FG3M,B,,
140,PTS,B,,
140,REB,B,,
140,AST,B,,
140,STL,B,,
140,BLK,A,,
140,DD,B,,
140,TO,A,,
141,FG%,B,,
141,FT%,B,,
141,3P%,B,,
141,FG3M,B,,
141,PTS,B,,
141,REB,B,,
141,AST,B,,
141,STL,B,,
141,BLK,B,,
141,DD,A,,
141,TO,A,,
142,FG%,B,,
142,FT%,B,,
142,3P%,A,,
142,FG3M,B,,
142,PTS,B,,
142,REB,B,,
142,AST,B,,
142,STL,B,,
142,BLK,B,,
142,DD,B,,
142,TO,B,,
143,FG%,B,,
143,FT%,B,,
143,3P%,B,,
143,FG3M,B,,
143,PTS,B,,
143,REB,B,,
143,AST,B,,
143,STL,B,,
143,BLK,B,,
143,DD,B,,
143,TO,A,,
144,FG%,B,,
144,FT%,B,,
144,3P%,A,,
144,FG3M,B,,
144,PTS,B,,
144,REB,B,,
144,AST,B,,
144,STL,B,,
144,BLK,B,,
144,DD,B,,
144,TO,A,,
145,FG%,B,,
145,FT%,B,,
145,3P%,B,,
145,FG3M,B,,
145,PTS,B,,
145,REB,B,,
145,AST,B,,
145,STL,TIE,,
145,BLK,A,,
145,DD,B,,
145,TO,A,,
146,FG%,B,,
146,FT%,B,,
146,3P%,B,,
146,FG3M,B,,
146,PTS,B,,
146,REB,B,,
146,AST,B,,
146,STL,B,,
146,BLK,A,,
146,DD,B,,
146,TO,A,,
147,FG%,B,,
147,FT%,B,,
147,3P%,B,,
147,FG3M,B,,
147,PTS,B,,
147,REB,B,,
147,AST,B,,
147,STL,B,,
147,BLK,B,,
147,DD,B,,
147,TO,A,,
148,FG%,B,,
148,FT%,B,,
148,3P%,B,,
148,FG3M,B,,
148,PTS,B,,
148,REB,B,,
148,AST,B,,
148,STL,B,,
148,BLK,B,,
148,DD,B,,
148,TO,A,,
149,FG%,B,,
149,FT%,B,,
149,3P%,A,,
149,FG3M,TIE,,
149,PTS,B,,
149,REB,B,,
149,AST,B,,
149,STL,B,,
149,BLK,B,,
149,DD,B,,
149,TO,A,,
150,FG%,B,,
150,FT%,B,,
150,3P%,A,,
150,FG3M,B,,
150,PTS,B,,
150,REB,B,,
150,AST,B,,
150,STL,B,,
150,BLK,B,,
150,DD,B,,
150,TO,A,,
151,FG%,B,,
151,FT%,B,,
151,3P%,B,,
151,FG3M,B,,
151,PTS,B,,
151,REB,B,,
151,AST,B,,
151,STL,B,,
151,BLK,B,,
151,DD,B,,
151,TO,A,,
152,FG%,B,,
152,FT%,B,,
152,3P%,A,,
152,FG3M,B,,
152,PTS,B,,
152,REB,B,,
152,AST,B,,
152,STL,B,,
152,BLK,B,,
152,DD,B,,
152,TO,A,,
153,FG%,B,,
153,FT%,B,,
153,3P%,B,,
153,FG3M,B,,
153,PTS,B,,
153,REB,B,,
153,AST,B,,
153,STL,B,,
153,BLK,B,,
153,DD,B,,
153,TO,A,,
154,FG%,B,,
154,FT%,B,,
154,3P%,A,,
154,FG3M,A,,
154,PTS,B,,
154,REB,B,,
154,AST,B,,
154,STL,B,,
154,BLK,B,,
154,DD,B,,
154,TO,A,,
155,FG%,B,,
155,FT%,B,,
155,3P%,B,,
155,FG3M,B,,
155,PTS,B,,
155,REB,B,,
155,AST,B,,
155,STL,B,,
155,BLK,A,,
155,DD,B,,
155,TO,A,,
156,FG%,B,,
156,FT%,B,,
156,3P%,A,,
156,FG3M,B,,
156,PTS,B,,
156,REB,B,,
156,AST,B,,
156,STL,B,,
156,BLK,B,,
156,DD,B,,
156,TO,A,,
157,FG%,B,,
157,FT%,B,,
157,3P%,B,,
157,FG3M,B,,
157,PTS,B,,
157,REB,B,,
157,AST,B,,
157,STL,B,,
157,BLK,B,,
157,DD,B,,
157,TO,A,,
158,FG%,B,,
158,FT%,B,,
158,3P%,B,,
158,FG3M,B,,
158,PTS,B,,
158,REB,B,,
158,AST,B,,
158,STL,B,,
158,BLK,B,,
158,DD,B,,
158,TO,A,,
159,FG%,B,,
159,FT%,B,,
159,3P%,A,,
159,FG3M,B,,
159,PTS,B,,
159,REB,B,,
159,AST,B,,
159,STL,B,,
159,BLK,B,,
159,DD,B,,
159,TO,A,,
160,FG%,B,,
160,FT%,B,,
160,3P%,B,,
160,FG3M,B,,
160,PTS,B,,
160,REB,B,,
160,AST,B,,
160,STL,B,,
160,BLK,B,,
160,DD,B,,
160,TO,A,,
161,FG%,B,,
161,FT%,B,,
161,3P%,B,,
161,FG3M,B,,
161,PTS,B,,
161,REB,B,,
161,AST,B,,
161,STL,B,,
161,BLK,B,,
161,DD,B,,
161,TO,A,,
162,FG%,B,,
162,FT%,B,,
162,3P%,B,,
162,FG3M,B,,
162,PTS,B,,
162,REB,B,,
162,AST,B,,
162,STL,B,,
162,BLK,A,,
162,DD,B,,
162,TO,A,,
163,FG%,B,,
163,FT%,B,,
163,3P%,B,,
163,FG3M,B,,
163,PTS,B,,
163,REB,B,,
163,AST,B,,
163,STL,B,,
163,BLK,B,,
163,DD,B,,
163,TO,A,,
164,FG%,B,,
164,FT%,B,,
164,3P%,B,,
164,FG3M,B,,
164,PTS,B,,
164,REB,B,,
164,AST,B,,
164,STL,B,,
164,BLK,B,,
164,DD,B,,
164,TO,A,,
165,FG%,B,,
165,FT%,B,,
165,3P%,B,,
165,FG3M,B,,
165,PTS,B,,
165,REB,B,,
165,AST,B,,
165,STL,B,,
165,BLK,B,,
165,DD,B,,
165,TO,A,,
166,FG%,B,,
166,FT%,B,,
166,3P%,B,,
166,FG3M,B,,
166,PTS,B,,
166,REB,B,,
166,AST,B,,
166,STL,A,,
166,BLK,B,,
166,DD,A,,
166,TO,B,,
167,FG%,B,,
167,FT%,B,,
167,3P%,B,,
167,FG3M,B,,
167,PTS,B,,
167,REB,B,,
167,AST,B,,
167,STL,B,,
167,BLK,A,,
167,DD,A,,
167,TO,A,,
168,FG%,B,,
168,FT%,B,,
168,3P%,B,,
168,FG3M,B,,
168,PTS,B,,
168,REB,B,,
168,AST,B,,
168,STL,B,,
168,BLK,B,,
168,DD,TIE,,
168,TO,A,,
169,FG%,A,,
169,FT%,B,,
169,3P%,B,,
169,FG3M,B,,
169,PTS,B,,
169,REB,B,,
169,AST,B,,
169,STL,A,,
169,BLK,B,,
169,DD,B,,
169,TO,A,,
170,FG%,B,,
170,FT%,B,,
170,3P%,B,,
170,FG3M,B,,
170,PTS,B,,
170,REB,B,,
170,AST,B,,
170,STL,B,,
170,BLK,B,,
170,DD,B,,
170,TO,A,,
171,FG%,B,,
171,FT%,B,,
171,3P%,B,,
171,FG3M,B,,
171,PTS,B,,
171,REB,B,,
171,AST,B,,
171,STL,B,,
171,BLK,B,,
171,DD,B,,
171,TO,A,,
172,FG%,B,,
172,FT%,B,,
172,3P%,B,,
172,FG3M,B,,
172,PTS,B,,
172,REB,B,,
172,AST,B,,
172,STL,B,,
172,BLK,B,,
172,DD,B,,
172,TO,A,,
173,FG%,B,,
173,FT%,B,,
173,3P%,B,,
173,FG3M,B,,
173,PTS,B,,
173,REB,B,,
173,AST,B,,
173,STL,B,,
173,BLK,B,,
173,DD,B,,
173,TO,A,,
174,FG%,B,,
174,FT%,B,,
174,3P%,B,,
174,FG3M,B,,
174,PTS,B,,
174,REB,B,,
174,AST,B,,
174,STL,A,,
174,BLK,TIE,,
174,DD,B,,
174,TO,B,,
175,FG%,B,,
175,FT%,B,,
175,3P%,A,,
175,FG3M,B,,
175,PTS,B,,
175,REB,B,,
175,AST,B,,
175,STL,B,,
175,BLK,B,,
175,DD,B,,
175,TO,A,,
176,FG%,B,,
176,FT%,B,,
176,3P%,B,,
176,FG3M,B,,
176,PTS,B,,
176,REB,B,,
176,AST,B,,
176,STL,B,,
176,BLK,B,,
176,DD,B,,
176,TO,A,,
177,FG%,B,,
177,FT%,B,,
177,3P%,A,,
177,FG3M,B,,
177,PTS,B,,
177,REB,B,,
177,AST,B,,
177,STL,B,,
177,BLK,B,,
177,DD,B,,
177,TO,A,,
178,FG%,B,,
178,FT%,B,,
178,3P%,B,,
178,FG3M,B,,
178,PTS,B,,
178,REB,B,,
178,AST,B,,
178,STL,B,,
178,BLK,A,,
178,DD,B,,
178,TO,A,,
179,FG%,B,,
179,FT%,B,,
179,3P%,B,,
179,FG3M,B,,
179,PTS,B,,
179,REB,B,,
179,AST,B,,
179,STL,B,,
179,BLK,B,,
179,DD,B,,
179,TO,A,,
180,FG%,B,,
180,FT%,B,,
180,3P%,B,,
180,FG3M,B,,
180,PTS,B,,
180,REB,B,,
180,AST,B,,
180,STL,B,,
180,BLK,B,,
180,DD,A,,
180,TO,A,,
181,FG%,B,,
181,FT%,B,,
181,3P%,B,,
181,FG3M,B,,
181,PTS,B,,
181,REB,B,,
181,AST,B,,
181,STL,B,,
181,BLK,B,,
181,DD,B,,
181,TO,A,,
182,FG%,B,,
182,FT%,B,,
182,3P%,B,,
182,FG3M,B,,
182,PTS,B,,
182,REB,B,,
182,AST,B,,
182,STL,B,,
182,BLK,B,,
182,DD,B,,
182,TO,A,,
183,FG%,B,,
183,FT%,B,,
183,3P%,A,,
183,FG3M,B,,
183,PTS,B,,
183,REB,B,,
183,AST,B,,
183,STL,TIE,,
183,BLK,B,,
183,DD,B,,
183,TO,A,,
184,FG%,B,,
184,FT%,B,,
184,3P%,B,,
184,FG3M,B,,
184,PTS,B,,
184,REB,B,,
184,AST,B,,
184,STL,B,,
184,BLK,B,,
184,DD,B,,
184,TO,A,,
185,FG%,B,,
185,FT%,B,,
185,3P%,A,,
185,FG3M,B,,
185,PTS,B,,
185,REB,B,,
185,AST,B,,
185,STL,A,,
185,BLK,B,,
185,DD,B,,
185,TO,A,,
186,FG%,B,,
186,FT%,B,,
186,3P%,A,,
186,FG3M,B,,
186,PTS,B,,
186,REB,B,,
186,AST,B,,
186,STL,A,,
186,BLK,B,,
186,DD,B,,
186,TO,A,,
187,FG%,A,,
187,FT%,B,,
187,3P%,A,,
187,FG3M,A,,
187,PTS,B,,
187,REB,B,,
187,AST,B,,
187,STL,B,,
187,BLK,B,,
187,DD,B,,
187,TO,A,,
188,FG%,B,,
188,FT%,B,,
188,3P%,A,,
188,FG3M,A,,
188,PTS,B,,
188,REB,B,,
188,AST,B,,
188,STL,B,,
188,BLK,B,,
188,DD,B,,
188,TO,A,,
189,FG%,B,,
189,FT%,B,,
189,3P%,B,,
189,FG3M,B,,
189,PTS,B,,
189,REB,B,,
189,AST,B,,
189,STL,B,,
189,BLK,B,,
189,DD,B,,
189,TO,A,,
190,FG%,B,,
190,FT%,B,,
190,3P%,A,,
190,FG3M,B,,
190,PTS,B,,
190,REB,B,,
190,AST,B,,
190,STL,A,,
190,BLK,B,,
190,DD,B,,
190,TO,A,,
191,FG%,B,,
191,FT%,A,,
191,3P%,B,,
191,FG3M,B,,
191,PTS,B,,
191,REB,B,,
191,AST,B,,
191,STL,A,,
191,BLK,B,,
191,DD,B,,
191,TO,A,,
192,FG%,B,,
192,FT%,B,,
192,3P%,B,,
192,FG3M,B,,
192,PTS,B,,
192,REB,B,,
192,AST,B,,
192,STL,B,,
192,BLK,B,,
192,DD,B,,
192,TO,A,,
193,FG%,B,,
193,FT%,B,,
193,3P%,B,,
193,FG3M,B,,
193,PTS,B,,
193,REB,B,,
193,AST,B,,
193,STL,B,,
193,BLK,A,,
193,DD,B,,
193,TO,A,,
194,FG%,B,,
194,FT%,B,,
194,3P%,B,,
194,FG3M,B,,
194,PTS,B,,
194,REB,B,,
194,AST,B,,
194,STL,B,,
194,BLK,B,,
194,DD,B,,
194,TO,A,,
195,FG%,B,,
195,FT%,B,,
195,3P%,A,,
195,FG3M,A,,
195,PTS,B,,
195,REB,B,,
195,AST,B,,
195,STL,B,,
195,BLK,B,,
195,DD,B,,
195,TO,A,,
196,FG%,B,,
196,FT%,B,,
196,3P%,B,,
196,FG3M,B,,
196,PTS,B,,
196,REB,B,,
196,AST,B,,
196,STL,B,,
196,BLK,B,,
196,DD,B,,
196,TO,A,,
197,FG%,B,,
197,FT%,B,,
197,3P%,B,,
197,FG3M,B,,
197,PTS,B,,
197,REB,B,,
197,AST,B,,
197,STL,A,,
197,BLK,B,,
197,DD,TIE,,
197,TO,A,,
198,FG%,A,,
198,FT%,B,,
198,3P%,B,,
198,FG3M,B,,
198,PTS,B,,
198,REB,B,,
198,AST,B,,
198,STL,B,,
198,BLK,A,,
198,DD,B,,
198,TO,A,,
199,FG%,B,,
199,FT%,B,,
199,3P%,B,,
199,FG3M,B,,
199,PTS,B,,
199,REB,B,,
199,AST,B,,
199,STL,B,,
199,BLK,B,,
199,DD,TIE,,
199,TO,A,,
200,FG%,B,,
200,FT%,B,,
200,3P%,B,,
200,FG3M,B,,
200,PTS,B,,
200,REB,B,,
200,AST,B,,
200,STL,B,,
200,BLK,B,,
200,DD,B,,
200,TO,A,,
201,FG%,B,,
201,FT%,A,,
201,3P%,A,,
201,FG3M,B,,
201,PTS,B,,
201,REB,B,,
201,AST,B,,
201,STL,B,,
201,BLK,B,,
201,DD,B,,
201,TO,A,,
202,FG%,B,,
202,FT%,B,,
202,3P%,B,,
202,FG3M,B,,
202,PTS,B,,
202,REB,B,,
202,AST,B,,
202,STL,B,,
202,BLK,B,,
202,DD,A,,
202,TO,A,,
203,FG%,B,,
203,FT%,B,,
203,3P%,B,,
203,FG3M,B,,
203,PTS,B,,
203,REB,B,,
203,AST,B,,
203,STL,A,,
203,BLK,B,,
203,DD,B,,
203,TO,A,,
204,FG%,B,,
204,FT%,B,,
204,3P%,B,,
204,FG3M,B,,
204,PTS,B,,
204,REB,B,,
204,AST,B,,
204,STL,A,,
204,BLK,B,,
204,DD,B,,
204,TO,A,,
205,FG%,B,,
205,FT%,B,,
205,3P%,A,,
205,FG3M,B,,
205,PTS,B,,
205,REB,B,,
205,AST,B,,
205,STL,B,,
205,BLK,TIE,,
205,DD,B,,
205,TO,A,,
206,FG%,B,,
206,FT%,B,,
206,3P%,A,,
206,FG3M,B,,
206,PTS,B,,
206,REB,B,,
206,AST,B,,
206,STL,B,,
206,BLK,A,,
206,DD,B,,
206,TO,A,,
207,FG%,B,,
207,FT%,B,,
207,3P%,B,,
207,FG3M,B,,
207,PTS,B,,
207,REB,B,,
207,AST,B,,
207,STL,B,,
207,BLK,B,,
207,DD,TIE,,
207,TO,A,,
208,FG%,B,,
208,FT%,B,,
208,3P%,B,,
208,FG3M,B,,
208,PTS,B,,
208,REB,B,,
208,AST,B,,
208,STL,B,,
208,BLK,B,,
208,DD,TIE,,
208,TO,A,,
209,FG%,B,,
209,FT%,B,,
209,3P%,B,,
209,FG3M,B,,
209,PTS,B,,
209,REB,B,,
209,AST,B,,
209,STL,B,,
209,BLK,B,,
209,DD,B,,
209,TO,A,,
210,FG%,B,,
210,FT%,B,,
210,3P%,A,,
210,FG3M,A,,
210,PTS,B,,
210,REB,B,,
210,AST,B,,
210,STL,B,,
210,BLK,B,,
210,DD,B,,
210,TO,A,,
211,FG%,B,,
211,FT%,B,,
211,3P%,A,,
211,FG3M,B,,
211,PTS,B,,
211,REB,B,,
211,AST,B,,
211,STL,B,,
211,BLK,B,,
211,DD,B,,
211,TO,A,,
212,FG%,B,,
212,FT%,B,,
212,3P%,B,,
212,FG3M,B,,
212,PTS,B,,
212,REB,B,,
212,AST,B,,
212,STL,B,,
212,BLK,B,,
212,DD,B,,
212,TO,A,,
213,FG%,B,,
213,FT%,B,,
213,3P%,B,,
213,FG3M,B,,
213,PTS,B,,
213,REB,B,,
213,AST,B,,
213,STL,B,,
213,BLK,B,,
213,DD,B,,
213,TO,A,,
214,FG%,B,,
214,FT%,B,,
214,3P%,B,,
214,FG3M,B,,
214,PTS,B,,
214,REB,B,,
214,AST,B,,
214,STL,B,,
214,BLK,B,,
214,DD,B,,
214,TO,A,,
215,FG%,B,,
215,FT%,B,,
215,3P%,B,,
215,FG3M,B,,
215,PTS,B,,
215,REB,B,,
215,AST,B,,
215,STL,B,,
215,BLK,B,,
215,DD,B,,
215,TO,A,,
216,FG%,B,,
216,FT%,B,,
216,3P%,A,,
216,FG3M,A,,
216,PTS,B,,
216,REB,B,,
216,AST,B,,
216,STL,B,,
216,BLK,B,,
216,DD,B,,
216,TO,A,,
217,FG%,B,,
217,FT%,B,,
217,3P%,B,,
217,FG3M,B,,
217,PTS,B,,
217,REB,B,,
217,AST,B,,
217,STL,B,,
217,BLK,B,,
217,DD,B,,
217,TO,A,,
218,FG%,B,,
218,FT%,B,,
218,3P%,A,,
218,FG3M,A,,
218,PTS,B,,
218,REB,B,,
218,AST,B,,
218,STL,B,,
218,BLK,B,,
218,DD,TIE,,
218,TO,A,,
219,FG%,B,,
219,FT%,B,,
219,3P%,B,,
219,FG3M,B,,
219,PTS,B,,
219,REB,B,,
219,AST,B,,
219,STL,TIE,,
219,BLK,B,,
219,DD,B,,
219,TO,A,,
220,FG%,B,,
220,FT%,B,,
220,3P%,A,,
220,FG3M,A,,
220,PTS,B,,
220,REB,B,,
220,AST,B,,
220,STL,B,,
220,BLK,A,,
220,DD,B,,
220,TO,A,,
221,FG%,B,,
221,FT%,B,,
221,3P%,B,,
221,FG3M,B,,
221,PTS,B,,
221,REB,B,,
221,AST,B,,
221,STL,B,,
221,BLK,B,,
221,DD,B,,
221,TO,A,,
222,FG%,B,,
222,FT%,B,,
222,3P%,B,,
222,FG3M,B,,
222,PTS,B,,
222,REB,B,,
222,AST,B,,
222,STL,A,,
222,BLK,B,,
222,DD,B,,
222,TO,A,,
223,FG%,B,,
223,FT%,B,,
223,3P%,A,,
223,FG3M,A,,
223,PTS,B,,
223,REB,B,,
223,AST,B,,
223,STL,B,,
223,BLK,B,,
223,DD,A,,
223,TO,A,,
224,FG%,B,,
224,FT%,B,,
224,3P%,B,,
224,FG3M,B,,
224,PTS,B,,
224,REB,B,,
224,AST,B,,
224,STL,B,,
224,BLK,B,,
224,DD,B,,
224,TO,A,,
225,FG%,A,,
225,FT%,B,,
225,3P%,A,,
225,FG3M,B,,
225,PTS,B,,
225,REB,B,,
225,AST,B,,
225,STL,B,,
225,BLK,B,,
225,DD,B,,
225,TO,A,,
226,FG%,A,,
226,FT%,B,,
226,3P%,A,,
226,FG3M,A,,
226,PTS,B,,
226,REB,B,,
226,AST,B,,
226,STL,B,,
226,BLK,B,,
226,DD,B,,
226,TO,A,,
227,FG%,B,,
227,FT%,B,,
227,3P%,B,,
227,FG3M,B,,
227,PTS,B,,
227,REB,B,,
227,AST,B,,
227,STL,B,,
227,BLK,B,,
227,DD,B,,
227,TO,A,,
228,FG%,B,,
228,FT%,B,,
228,3P%,A,,
228,FG3M,B,,
228,PTS,B,,
228,REB,B,,
228,AST,B,,
228,STL,B,,
228,BLK,B,,
228,DD,B,,
228,TO,A,,
229,FG%,B,,
229,FT%,B,,
229,3P%,A,,
229,FG3M,B,,
229,PTS,B,,
229,REB,B,,
229,AST,B,,
229,STL,A,,
229,BLK,B,,
229,DD,B,,
229,TO,A,,
230,FG%,B,,
230,FT%,B,,
230,3P%,B,,
230,FG3M,B,,
230,PTS,B,,
230,REB,B,,
230,AST,B,,
230,STL,B,,
230,BLK,B,,
230,DD,B,,
230,TO,A,,
231,FG%,B,,
231,FT%,A,,
231,3P%,B,,
231,FG3M,B,,
231,PTS,B,,
231,REB,B,,
231,AST,B,,
231,STL,B,,
231,BLK,B,,
231,DD,TIE,,
231,TO,A,,
232,FG%,B,,
232,FT%,A,,
232,3P%,B,,
232,FG3M,B,,
232,PTS,B,,
232,REB,B,,
232,AST,B,,
232,STL,B,,
232,BLK,B,,
232,DD,B,,
232,TO,A,,
233,FG%,B,,
233,FT%,B,,
233,3P%,B,,
233,FG3M,B,,
233,PTS,B,,
233,REB,B,,
233,AST,B,,
233,STL,B,,
233,BLK,B,,
233,DD,B,,
233,TO,A,,
234,FG%,B,,
234,FT%,B,,
234,3P%,B,,
234,FG3M,B,,
234,PTS,B,,
234,REB,B,,
234,AST,B,,
234,STL,B,,
234,BLK,B,,
234,DD,B,,
234,TO,A,,
235,FG%,B,,
235,FT%,B,,
235,3P%,A,,
235,FG3M,A,,
235,PTS,B,,
235,REB,B,,
235,AST,B,,
235,STL,B,,
235,BLK,B,,
235,DD,B,,
235,TO,B,,
236,FG%,B,,
236,FT%,B,,
236,3P%,B,,
236,FG3M,B,,
236,PTS,B,,
236,REB,B,,
236,AST,B,,
236,STL,B,,
236,BLK,B,,
236,DD,B,,
236,TO,A,,
237,FG%,B,,
237,FT%,B,,
237,3P%,B,,
237,FG3M,B,,
237,PTS,B,,
237,REB,B,,
237,AST,B,,
237,STL,B,,
237,BLK,B,,
237,DD,B,,
237,TO,A,,
238,FG%,B,,
238,FT%,B,,
238,3P%,B,,
238,FG3M,B,,
238,PTS,B,,
238,REB,B,,
238,AST,B,,
238,STL,B,,
238,BLK,B,,
238,DD,B,,
238,TO,A,,
239,FG%,B,,
239,FT%,B,,
239,3P%,B,,
239,FG3M,B,,
239,PTS,B,,
239,REB,B,,
239,AST,B,,
239,STL,B,,
239,BLK,B,,
239,DD,B,,
239,TO,A,,
240,FG%,B,,
240,FT%,B,,
240,3P%,B,,
240,FG3M,B,,
240,PTS,B,,
240,REB,B,,
240,AST,B,,
240,STL,B,,
240,BLK,B,,
240,DD,B,,
240,TO,A,,
241,FG%,B,,
241,FT%,B,,
241,3P%,A,,
241,FG3M,B,,
241,PTS,B,,
241,REB,B,,
241,AST,B,,
241,STL,B,,
241,BLK,B,,
241,DD,B,,
241,TO,A,,
242,FG%,B,,
242,FT%,B,,
242,3P%,B,,
242,FG3M,B,,
242,PTS,B,,
242,REB,B,,
242,AST,B,,
242,STL,B,,
242,BLK,B,,
242,DD,B,,
242,TO,A,,
243,FG%,A,,
243,FT%,B,,
243,3P%,A,,
243,FG3M,A,,
243,PTS,B,,
243,REB,A,,
243,AST,B,,
243,STL,B,,
243,BLK,B,,
243,DD,TIE,,
243,TO,A,,
244,FG%,B,,
244,FT%,B,,
244,3P%,B,,
244,FG3M,B,,
244,PTS,B,,
244,REB,B,,
244,AST,B,,
244,STL,B,,
244,BLK,B,,
244,DD,B,,
244,TO,A,,
245,FG%,A,,
245,FT%,B,,
245,3P%,A,,
245,FG3M,B,,
245,PTS,B,,
245,REB,B,,
245,AST,B,,
245,STL,B,,
245,BLK,B,,
245,DD,B,,
245,TO,A,,
246,FG%,B,,
246,FT%,B,,
246,3P%,B,,
246,FG3M,B,,
246,PTS,B,,
246,REB,B,,
246,AST,B,,
246,STL,B,,
246,BLK,B,,
246,DD,A,,
246,TO,A,,
247,FG%,A,,
247,FT%,B,,
247,3P%,A,,
247,FG3M,A,,
247,PTS,B,,
247,REB,B,,
247,AST,B,,
247,STL,B,,
247,BLK,B,,
247,DD,A,,
247,TO,A,,
248,FG%,B,,
248,FT%,B,,
248,3P%,B,,
248,FG3M,B,,
248,PTS,B,,
248,REB,B,,
248,AST,B,,
248,STL,B,,
248,BLK,B,,
248,DD,B,,
248,TO,A,,
249,FG%,B,,
249,FT%,B,,
249,3P%,A,,
249,FG3M,B,,
249,PTS,B,,
249,REB,B,,
249,AST,B,,
249,STL,B,,
249,BLK,B,,
249,DD,B,,
249,TO,A,,
250,FG%,B,,
250,FT%,B,,
250,3P%,B,,
250,FG3M,B,,
250,PTS,B,,
250,REB,B,,
250,AST,B,,
250,STL,B,,
250,BLK,A,,
250,DD,B,,
250,TO,A,,
251,FG%,B,,
251,FT%,B,,
251,3P%,B,,
251,FG3M,B,,
251,PTS,B,,
251,REB,B,,
251,AST,B,,
251,STL,A,,
251,BLK,B,,
251,DD,B,,
251,TO,A,,
252,FG%,B,,
252,FT%,A,,
252,3P%,A,,
252,FG3M,B,,
252,PTS,B,,
252,REB,B,,
252,AST,B,,
252,STL,B,,
252,BLK,B,,
252,DD,B,,
252,TO,TIE,,
253,FG%,B,,
253,FT%,B,,
253,3P%,A,,
253,FG3M,B,,
253,PTS,B,,
253,REB,B,,
253,AST,B,,
253,STL,A,,
253,BLK,B,,
253,DD,B,,
253,TO,A,,
254,FG%,B,,
254,FT%,B,,
254,3P%,A,,
254,FG3M,B,,
254,PTS,B,,
254,REB,B,,
254,AST,B,,
254,STL,B,,
254,BLK,B,,
254,DD,B,,
254,TO,A,,
255,FG%,B,,
255,FT%,B,,
255,3P%,B,,
255,FG3M,B,,
255,PTS,B,,
255,REB,B,,
255,AST,B,,
255,STL,A,,
255,BLK,B,,
255,DD,B,,
255,TO,A,,
256,FG%,B,,
256,FT%,B,,
256,3P%,A,,
256,FG3M,B,,
256,PTS,B,,
256,REB,B,,
256,AST,B,,
256,STL,B,,
256,BLK,B,,
256,DD,B,,
256,TO,A,,
257,FG%,B,,
257,FT%,B,,
257,3P%,A,,
257,FG3M,B,,
257,PTS,B,,
257,REB,B,,
257,AST,B,,
257,STL,B,,
257,BLK,B,,
257,DD,TIE,,
257,TO,A,,
258,FG%,B,,
258,FT%,B,,
258,3P%,B,,
258,FG3M,B,,
258,PTS,B,,
258,REB,B,,
258,AST,B,,
258,STL,B,,
258,BLK,B,,
258,DD,B,,
258,TO,A,,
259,FG%,B,,
259,FT%,B,,
259,3P%,B,,
259,FG3M,B,,
259,PTS,B,,
259,REB,B,,
259,AST,B,,
259,STL,B,,
259,BLK,B,,
259,DD,B,,
259,TO,A,,
260,FG%,B,,
260,FT%,B,,
260,3P%,B,,
260,FG3M,B,,
260,PTS,B,,
260,REB,B,,
260,AST,B,,
260,STL,B,,
260,BLK,B,,
260,DD,B,,
260,TO,A,,
261,FG%,A,,
261,FT%,B,,
261,3P%,B,,
261,FG3M,B,,
261,PTS,B,,
261,REB,B,,
261,AST,A,,
261,STL,B,,
261,BLK,B,,
261,DD,B,,
261,TO,A,,
262,FG%,B,,
262,FT%,B,,
262,3P%,B,,
262,FG3M,B,,
262,PTS,B,,
262,REB,B,,
262,AST,B,,
262,STL,B,,
262,BLK,B,,
262,DD,B,,
262,TO,A,,
263,FG%,B,,
263,FT%,A,,
263,3P%,A,,
263,FG3M,B,,
263,PTS,B,,
263,REB,B,,
263,AST,B,,
263,STL,B,,
263,BLK,B,,
263,DD,TIE,,
263,TO,A,,
264,FG%,B,,
264,FT%,B,,
264,3P%,B,,
264,FG3M,B,,
264,PTS,B,,
264,REB,B,,
264,AST,B,,
264,STL,B,,
264,BLK,B,,
264,DD,B,,
264,TO,A,,
265,FG%,B,,
265,FT%,B,,
265,3P%,B,,
265,FG3M,B,,
265,PTS,B,,
265,REB,B,,
265,AST,B,,
265,STL,B,,
265,BLK,B,,
265,DD,B,,
265,TO,A,,
266,FG%,A,,
266,FT%,B,,
266,3P%,A,,
266,FG3M,B,,
266,PTS,B,,
266,REB,B,,
266,AST,B,,
266,STL,B,,
266,BLK,B,,
266,DD,TIE,,
266,TO,A,,
267,FG%,B,,
267,FT%,B,,
267,3P%,A,,
267,FG3M,B,,
267,PTS,B,,
267,REB,B,,
267,AST,B,,
267,STL,B,,
267,BLK,B,,
267,DD,B,,
267,TO,A,,
268,FG%,B,,
268,FT%,B,,
268,3P%,B,,
268,FG3M,B,,
268,PTS,B,,
268,REB,B,,
268,AST,B,,
268,STL,B,,
268,BLK,B,,
268,DD,B,,
268,TO,A,,
269,FG%,A,,
269,FT%,B,,
269,3P%,B,,
269,FG3M,B,,
269,PTS,B,,
269,REB,B,,
269,AST,B,,
269,STL,B,,
269,BLK,A,,
269,DD,B,,
269,TO,A,,
270,FG%,B,,
270,FT%,B,,
270,3P%,B,,
270,FG3M,B,,
270,PTS,B,,
270,REB,B,,
270,AST,B,,
270,STL,B,,
270,BLK,B,,
270,DD,TIE,,
270,TO,A,,
271,FG%,B,,
271,FT%,B,,
271,3P%,B,,
271,FG3M,B,,
271,PTS,B,,
271,REB,B,,
271,AST,B,,
271,STL,B,,
271,BLK,B,,
271,DD,B,,
271,TO,A,,
272,FG%,B,,
272,FT%,B,,
272,3P%,A,,
272,FG3M,B,,
272,PTS,B,,
272,REB,B,,
272,AST,B,,
272,STL,TIE,,
272,BLK,B,,
272,DD,B,,
272,TO,A,,
273,FG%,B,,
273,FT%,B,,
273,3P%,A,,
273,FG3M,B,,
273,PTS,B,,
273,REB,B,,
273,AST,B,,
273,STL,B,,
273,BLK,B,,
273,DD,B,,
273,TO,A,,
274,FG%,B,,
274,FT%,B,,
274,3P%,A,,
274,FG3M,A,,
274,PTS,B,,
274,REB,B,,
274,AST,B,,
274,STL,B,,
274,BLK,B,,
274,DD,B,,
274,TO,TIE,,
275,FG%,B,,
275,FT%,B,,
275,3P%,A,,
275,FG3M,A,,
275,PTS,B,,
275,REB,B,,
275,AST,B,,
275,STL,B,,
275,BLK,B,,
275,DD,B,,
275,TO,A,,
276,FG%,A,,
276,FT%,B,,
276,3P%,B,,
276,FG3M,B,,
276,PTS,B,,
276,REB,B,,
276,AST,B,,
276,STL,B,,
276,BLK,TIE,,
276,DD,B,,
276,TO,A,,
277,FG%,B,,
277,FT%,B,,
277,3P%,B,,
277,FG3M,B,,
277,PTS,B,,
277,REB,B,,
277,AST,B,,
277,STL,B,,
277,BLK,B,,
277,DD,B,,
277,TO,A,,
278,FG%,B,,
278,FT%,B,,
278,3P%,B,,
278,FG3M,B,,
278,PTS,B,,
278,REB,B,,
278,AST,B,,
278,STL,B,,
278,BLK,B,,
278,DD,B,,
278,TO,A,,
279,FG%,B,,
279,FT%,B,,
279,3P%,B,,
279,FG3M,B,,
279,PTS,B,,
279,REB,B,,
279,AST,B,,
279,STL,B,,
279,BLK,B,,
279,DD,B,,
279,TO,A,,
280,FG%,B,,
280,FT%,B,,
280,3P%,A,,
280,FG3M,B,,
280,PTS,B,,
280,REB,B,,
280,AST,B,,
280,STL,B,,
280,BLK,A,,
280,DD,B,,
280,TO,A,,
281,FG%,B,,
281,FT%,B,,
281,3P%,B,,
281,FG3M,B,,
281,PTS,B,,
281,REB,B,,
281,AST,B,,
281,STL,B,,
281,BLK,B,,
281,DD,B,,
281,TO,A,,
282,FG%,B,,
282,FT%,B,,
282,3P%,B,,
282,FG3M,B,,
282,PTS,B,,
282,REB,B,,
282,AST,B,,
282,STL,B,,
282,BLK,A,,
282,DD,B,,
282,TO,A,,
283,FG%,B,,
283,FT%,B,,
283,3P%,B,,
283,FG3M,B,,
283,PTS,B,,
283,REB,B,,
283,AST,B,,
283,STL,B,,
283,BLK,B,,
283,DD,B,,
283,TO,A,,
284,FG%,B,,
284,FT%,B,,
284,3P%,B,,
284,FG3M,B,,
284,PTS,B,,
284,REB,B,,
284,AST,B,,
284,STL,B,,
284,BLK,B,,
284,DD,B,,
284,TO,A,,
285,FG%,B,,
285,FT%,B,,
285,3P%,B,,
285,FG3M,B,,
285,PTS,B,,
285,REB,B,,
285,AST,B,,
285,STL,B,,
285,BLK,B,,
285,DD,B,,
285,TO,A,,
286,FG%,B,,
286,FT%,B,,
286,3P%,A,,
286,FG3M,A,,
286,PTS,B,,
286,REB,B,,
286,AST,B,,
286,STL,B,,
286,BLK,A,,
286,DD,B,,
286,TO,A,,
287,FG%,A,,
287,FT%,B,,
287,3P%,B,,
287,FG3M,B,,
287,PTS,B,,
287,REB,B,,
287,AST,B,,
287,STL,B,,
287,BLK,B,,
287,DD,B,,
287,TO,A,,
288,FG%,B,,
288,FT%,B,,
288,3P%,B,,
288,FG3M,B,,
288,PTS,B,,
288,REB,B,,
288,AST,B,,
288,STL,B,,
288,BLK,B,,
288,DD,B,,
288,TO,A,,
289,FG%,B,,
289,FT%,B,,
289,3P%,B,,
289,FG3M,B,,
289,PTS,B,,
289,REB,B,,
289,AST,B,,
289,STL,B,,
289,BLK,B,,
289,DD,B,,
289,TO,A,,
290,FG%,B,,
290,FT%,B,,
290,3P%,B,,
290,FG3M,B,,
290,PTS,B,,
290,REB,B,,
290,AST,B,,
290,STL,A,,
290,BLK,B,,
290,DD,B,,
290,TO,A,,
291,FG%,B,,
291,FT%,B,,
291,3P%,B,,
291,FG3M,B,,
291,PTS,B,,
291,REB,B,,
291,AST,B,,
291,STL,B,,
291,BLK,A,,
291,DD,B,,
291,TO,A,,
292,FG%,B,,
292,FT%,B,,
292,3P%,A,,
292,FG3M,A,,
292,PTS,B,,
292,REB,B,,
292,AST,B,,
292,STL,B,,
292,BLK,TIE,,
292,DD,TIE,,
292,TO,A,,
293,FG%,B,,
293,FT%,B,,
293,3P%,B,,
293,FG3M,B,,
293,PTS,B,,
293,REB,B,,
293,AST,B,,
293,STL,B,,
293,BLK,B,,
293,DD,B,,
293,TO,A,,
294,FG%,B,,
294,FT%,A,,
294,3P%,B,,
294,FG3M,B,,
294,PTS,B,,
294,REB,B,,
294,AST,B,,
294,STL,B,,
294,BLK,B,,
294,DD,B,,
294,TO,A,,
295,FG%,A,,
295,FT%,B,,
295,3P%,B,,
295,FG3M,B,,
295,PTS,B,,
295,REB,B,,
295,AST,B,,
295,STL,B,,
295,BLK,B,,
295,DD,B,,
295,TO,A,,
296,FG%,B,,
296,FT%,B,,
296,3P%,B,,
296,FG3M,B,,
296,PTS,B,,
296,REB,B,,
296,AST,B,,
296,STL,A,,
296,BLK,A,,
296,DD,TIE,,
296,TO,A,,
297,FG%,B,,
297,FT%,B,,
297,3P%,B,,
297,FG3M,B,,
297,PTS,B,,
297,REB,B,,
297,AST,B,,
297,STL,B,,
297,BLK,B,,
297,DD,B,,
297,TO,A,,
298,FG%,B,,
298,FT%,B,,
298,3P%,B,,
298,FG3M,B,,
298,PTS,B,,
298,REB,B,,
298,AST,B,,
298,STL,B,,
298,BLK,B,,
298,DD,B,,
298,TO,A,,
299,FG%,B,,
299,FT%,B,,
299,3P%,B,,
299,FG3M,B,,
299,PTS,B,,
299,REB,B,,
299,AST,B,,
299,STL,B,,
299,BLK,B,,
299,DD,A,,
299,TO,A,,
300,FG%,B,,
300,FT%,B,,
300,3P%,B,,
300,FG3M,B,,
300,PTS,B,,
300,REB,B,,
300,AST,B,,
300,STL,B,,
300,BLK,B,,
300,DD,B,,
300,TO,A,,
301,FG%,B,,
301,FT%,B,,
301,3P%,B,,
301,FG3M,B,,
301,PTS,B,,
301,REB,B,,
301,AST,B,,
301,STL,B,,
301,BLK,B,,
301,DD,B,,
301,TO,A,,
302,FG%,B,,
302,FT%,A,,
302,3P%,B,,
302,FG3M,B,,
302,PTS,B,,
302,REB,B,,
302,AST,B,,
302,STL,B,,
302,BLK,B,,
302,DD,B,,
302,TO,A,,
303,FG%,B,,
303,FT%,B,,
303,3P%,B,,
303,FG3M,B,,
303,PTS,B,,
303,REB,B,,
303,AST,B,,
303,STL,A,,
303,BLK,B,,
303,DD,B,,
303,TO,A,,
304,FG%,A,,
304,FT%,B,,
304,3P%,B,,
304,FG3M,B,,
304,PTS,B,,
304,REB,B,,
304,AST,B,,
304,STL,B,,
304,BLK,B,,
304,DD,B,,
304,TO,A,,
305,FG%,B,,
305,FT%,B,,
305,3P%,B,,
305,FG3M,B,,
305,PTS,B,,
305,REB,B,,
305,AST,B,,
305,STL,B,,
305,BLK,B,,
305,DD,B,,
305,TO,A,,
306,FG%,A,,
306,FT%,B,,
306,3P%,B,,
306,FG3M,A,,
306,PTS,B,,
306,REB,B,,
306,AST,B,,
306,STL,B,,
306,BLK,B,,
306,DD,A,,
306,TO,A,,
307,FG%,B,,
307,FT%,B,,
307,3P%,A,,
307,FG3M,TIE,,
307,PTS,B,,
307,REB,B,,
307,AST,B,,
307,STL,B,,
307,BLK,B,,
307,DD,B,,
307,TO,A,,
308,FG%,B,,
308,FT%,B,,
308,3P%,B,,
308,FG3M,A,,
308,PTS,B,,
308,REB,B,,
308,AST,B,,
308,STL,B,,
308,BLK,A,,
308,DD,B,,
308,TO,A,,
309,FG%,B,,
309,FT%,B,,
309,3P%,B,,
309,FG3M,B,,
309,PTS,B,,
309,REB,B,,
309,AST,B,,
309,STL,B,,
309,BLK,B,,
309,DD,B,,
309,TO,A,,
310,FG%,A,,
310,FT%,B,,
310,3P%,A,,
310,FG3M,B,,
310,PTS,B,,
310,REB,B,,
310,AST,B,,
310,STL,B,,
310,BLK,TIE,,
310,DD,B,,
310,TO,A,,
311,FG%,B,,
311,FT%,B,,
311,3P%,A,,
311,FG3M,B,,
311,PTS,B,,
311,REB,B,,
311,AST,B,,
311,STL,B,,
311,BLK,B,,
311,DD,B,,
311,TO,A,,
312,FG%,B,,
312,FT%,B,,
312,3P%,A,,
312,FG3M,B,,
312,PTS,B,,
312,REB,B,,
312,AST,B,,
312,STL,B,,
312,BLK,B,,
312,DD,B,,
312,TO,B,,
313,FG%,B,,
313,FT%,B,,
313,3P%,B,,
313,FG3M,B,,
313,PTS,B,,
313,REB,B,,
313,AST,B,,
313,STL,B,,
313,BLK,TIE,,
313,DD,B,,
313,TO,A,,
314,FG%,A,,
314,FT%,B,,
314,3P%,A,,
314,FG3M,B,,
314,PTS,B,,
314,REB,B,,
314,AST,B,,
314,STL,B,,
314,BLK,B,,
314,DD,B,,
314,TO,A,,
315,FG%,B,,
315,FT%,B,,
315,3P%,B,,
315,FG3M,B,,
315,PTS,B,,
315,REB,B,,
315,AST,B,,
315,STL,B,,
315,BLK,B,,
315,DD,B,,
315,TO,A,,
316,FG%,B,,
316,FT%,B,,
316,3P%,B,,
316,FG3M,B,,
316,PTS,B,,
316,REB,B,,
316,AST,B,,
316,STL,TIE,,
316,BLK,B,,
316,DD,TIE,,
316,TO,A,,
317,FG%,B,,
317,FT%,B,,
317,3P%,A,,
317,FG3M,B,,
317,PTS,B,,
317,REB,B,,
317,AST,B,,
317,STL,B,,
317,BLK,B,,
317,DD,B,,
317,TO,A,,
318,FG%,B,,
318,FT%,B,,
318,3P%,B,,
318,FG3M,B,,
318,PTS,B,,
318,REB,B,,
318,AST,B,,
318,STL,B,,
318,BLK,B,,
318,DD,TIE,,
318,TO,A,,
319,FG%,B,,
319,FT%,B,,
319,3P%,B,,
319,FG3M,B,,
319,PTS,B,,
319,REB,B,,
319,AST,B,,
319,STL,B,,
319,BLK,B,,
319,DD,B,,
319,TO,A,,
320,FG%,A,,
320,FT%,B,,
320,3P%,A,,
320,FG3M,A,,
320,PTS,B,,
320,REB,B,,
320,AST,B,,
320,STL,B,,
320,BLK,B,,
320,DD,B,,
320,TO,B,,
321,FG%,B,,
321,FT%,B,,
321,3P%,A,,
321,FG3M,B,,
321,PTS,B,,
321,REB,B,,
321,AST,B,,
321,STL,B,,
321,BLK,B,,
321,DD,B,,
321,TO,A,,
322,FG%,B,,
322,FT%,B,,
322,3P%,B,,
322,FG3M,B,,
322,PTS,B,,
322,REB,B,,
322,AST,B,,
322,STL,B,,
322,BLK,B,,
322,DD,B,,
322,TO,A,,
323,FG%,B,,
323,FT%,B,,
323,3P%,B,,
323,FG3M,B,,
323,PTS,B,,
323,REB,B,,
323,AST,B,,
323,STL,B,,
323,BLK,B,,
323,DD,B,,
323,TO,A,,
324,FG%,B,,
324,FT%,B,,
324,3P%,B,,
324,FG3M,B,,
324,PTS,B,,
324,REB,B,,
324,AST,B,,
324,STL,B,,
324,BLK,B,,
324,DD,B,,
324,TO,A,,
325,FG%,B,,
325,FT%,B,,
325,3P%,A,,
325,FG3M,B,,
325,PTS,B,,
325,REB,B,,
325,AST,B,,
325,STL,B,,
325,BLK,B,,
325,DD,B,,
325,TO,A,,
326,FG%,B,,
326,FT%,B,,
326,3P%,A,,
326,FG3M,B,,
326,PTS,B,,
326,REB,B,,
326,AST,B,,
326,STL,B,,
326,BLK,A,,
326,DD,B,,
326,TO,A,,
327,FG%,B,,
327,FT%,B,,
327,3P%,B,,
327,FG3M,B,,
327,PTS,B,,
327,REB,A,,
327,AST,B,,
327,STL,B,,
327,BLK,B,,
327,DD,A,,
327,TO,A,,
328,FG%,B,,
328,FT%,B,,
328,3P%,A,,
328,FG3M,B,,
328,PTS,B,,
328,REB,B,,
328,AST,B,,
328,STL,B,,
328,BLK,B,,
328,DD,B,,
328,TO,A,,
329,FG%,B,,
329,FT%,B,,
329,3P%,B,,
329,FG3M,B,,
329,PTS,B,,
329,REB,B,,
329,AST,B,,
329,STL,B,,
329,BLK,B,,
329,DD,B,,
329,TO,A,,
330,FG%,B,,
330,FT%,B,,
330,3P%,A,,
330,FG3M,A,,
330,PTS,B,,
330,REB,B,,
330,AST,B,,
330,STL,B,,
330,BLK,B,,
330,DD,B,,
330,TO,A,,
331,FG%,A,,
331,FT%,B,,
331,3P%,B,,
331,FG3M,B,,
331,PTS,B,,
331,REB,B,,
331,AST,B,,
331,STL,B,,
331,BLK,B,,
331,DD,B,,
331,TO,A,,
332,FG%,B,,
332,FT%,B,,
332,3P%,A,,
332,FG3M,B,,
332,PTS,B,,
332,REB,B,,
332,AST,B,,
332,STL,B,,
332,BLK,B,,
332,DD,B,,
332,TO,A,,
333,FG%,B,,
333,FT%,B,,
333,3P%,B,,
333,FG3M,B,,
333,PTS,B,,
333,REB,B,,
333,AST,B,,
333,STL,B,,
333,BLK,B,,
333,DD,TIE,,
333,TO,A,,
334,FG%,B,,
334,FT%,B,,
334,3P%,B,,
334,FG3M,B,,
334,PTS,B,,
334,REB,B,,
334,AST,B,,
334,STL,B,,
334,BLK,B,,
334,DD,B,,
334,TO,A,,
335,FG%,A,,
335,FT%,B,,
335,3P%,A,,
335,FG3M,A,,
335,PTS,B,,
335,REB,B,,
335,AST,B,,
335,STL,B,,
335,BLK,B,,
335,DD,B,,
335,TO,A,,
336,FG%,B,,
336,FT%,B,,
336,3P%,A,,
336,FG3M,B,,
336,PTS,B,,
336,REB,B,,
336,AST,B,,
336,STL,B,,
336,BLK,B,,
336,DD,B,,
336,TO,A,,
337,FG%,B,,
337,FT%,B,,
337,3P%,A,,
337,FG3M,B,,
337,PTS,B,,
337,REB,B,,
337,AST,B,,
337,STL,B,,
337,BLK,B,,
337,DD,B,,
337,TO,A,,
338,FG%,B,,
338,FT%,B,,
338,3P%,B,,
338,FG3M,B,,
338,PTS,B,,
338,REB,B,,
338,AST,B,,
338,STL,B,,
338,BLK,B,,
338,DD,B,,
338,TO,B,,
339,FG%,B,,
339,FT%,B,,
339,3P%,A,,
339,FG3M,B,,
339,PTS,B,,
339,REB,B,,
339,AST,B,,
339,STL,A,,
339,BLK,B,,
339,DD,B,,
339,TO,A,,
340,FG%,B,,
340,FT%,B,,
340,3P%,B,,
340,FG3M,B,,
340,PTS,B,,
340,REB,B,,
340,AST,B,,
340,STL,A,,
340,BLK,B,,
340,DD,B,,
340,TO,A,,
341,FG%,B,,
341,FT%,B,,
341,3P%,B,,
341,FG3M,B,,
341,PTS,B,,
341,REB,B,,
341,AST,B,,
341,STL,B,,
341,BLK,B,,
341,DD,B,,
341,TO,A,,
342,FG%,B,,
342,FT%,B,,
342,3P%,B,,
342,FG3M,B,,
342,PTS,B,,
342,REB,B,,
342,AST,B,,
342,STL,B,,
342,BLK,B,,
342,DD,B,,
342,TO,A,,
343,FG%,B,,
343,FT%,A,,
343,3P%,B,,
343,FG3M,B,,
343,PTS,B,,
343,REB,B,,
343,AST,B,,
343,STL,B,,
343,BLK,B,,
343,DD,B,,
343,TO,A,,
344,FG%,B,,
344,FT%,B,,
344,3P%,A,,
344,FG3M,A,,
344,PTS,B,,
344,REB,B,,
344,AST,B,,
344,STL,B,,
344,BLK,B,,
344,DD,B,,
344,TO,B,,
345,FG%,B,,
345,FT%,B,,
345,3P%,A,,
345,FG3M,B,,
345,PTS,B,,
345,REB,B,,
345,AST,B,,
345,STL,B,,
345,BLK,B,,
345,DD,B,,
345,TO,A,,
346,FG%,A,,
346,FT%,B,,
346,3P%,B,,
346,FG3M,B,,
346,PTS,B,,
346,REB,B,,
346,AST,B,,
346,STL,B,,
346,BLK,B,,
346,DD,B,,
346,TO,A,,
347,FG%,A,,
347,FT%,B,,
347,3P%,B,,
347,FG3M,B,,
347,PTS,B,,
347,REB,B,,
347,AST,B,,
347,STL,A,,
347,BLK,B,,
347,DD,B,,
347,TO,A,,
348,FG%,B,,
348,FT%,B,,
348,3P%,B,,
348,FG3M,B,,
348,PTS,B,,
348,REB,B,,
348,AST,B,,
348,STL,B,,
348,BLK,B,,
348,DD,B,,
348,TO,A,,
349,FG%,B,,
349,FT%,B,,
349,3P%,A,,
349,FG3M,A,,
349,PTS,B,,
349,REB,B,,
349,AST,B,,
349,STL,B,,
349,BLK,B,,
349,DD,B,,
349,TO,A,,
350,FG%,B,,
350,FT%,B,,
350,3P%,B,,
350,FG3M,B,,
350,PTS,B,,
350,REB,B,,
350,AST,B,,
350,STL,B,,
350,BLK,B,,
350,DD,B,,
350,TO,A,,
351,FG%,B,,
351,FT%,A,,
351,3P%,A,,
351,FG3M,B,,
351,PTS,B,,
351,REB,B,,
351,AST,B,,
351,STL,A,,
351,BLK,A,,
351,DD,B,,
351,TO,A,,
352,FG%,B,,
352,FT%,B,,
352,3P%,B,,
352,FG3M,B,,
352,PTS,B,,
352,REB,B,,
352,AST,B,,
352,STL,B,,
352,BLK,B,,
352,DD,B,,
352,TO,A,,
353,FG%,B,,
353,FT%,B,,
353,3P%,B,,
353,FG3M,B,,
353,PTS,B,,
353,REB,B,,
353,AST,B,,
353,STL,B,,
353,BLK,B,,
353,DD,B,,
353,TO,A,,
354,FG%,A,,
354,FT%,B,,
354,3P%,A,,
354,FG3M,A,,
354,PTS,B,,
354,REB,B,,
354,AST,B,,
354,STL,B,,
354,BLK,B,,
354,DD,A,,
354,TO,A,,
355,FG%,A,,
355,FT%,B,,
355,3P%,B,,
355,FG3M,B,,
355,PTS,B,,
355,REB,B,,
355,AST,B,,
355,STL,TIE,,
355,BLK,B,,
355,DD,B,,
355,TO,A,,
356,FG%,B,,
356,FT%,B,,
356,3P%,B,,
356,FG3M,B,,
356,PTS,B,,
356,REB,B,,
356,AST,B,,
356,STL,B,,
356,BLK,B,,
356,DD,B,,
356,TO,A,,
357,FG%,B,,
357,FT%,B,,
357,3P%,B,,
357,FG3M,B,,
357,PTS,B,,
357,REB,B,,
357,AST,B,,
357,STL,B,,
357,BLK,B,,
357,DD,B,,
357,TO,A,,
358,FG%,B,,
358,FT%,B,,
358,3P%,B,,
358,FG3M,B,,
358,PTS,B,,
358,REB,B,,
358,AST,B,,
358,STL,B,,
358,BLK,B,,
358,DD,B,,
358,TO,A,,
359,FG%,B,,
359,FT%,B,,
359,3P%,B,,
359,FG3M,B,,
359,PTS,B,,
359,REB,B,,
359,AST,B,,
359,STL,B,,
359,BLK,A,,
359,DD,TIE,,
359,TO,A,,
360,FG%,B,,
360,FT%,B,,
360,3P%,B,,
360,FG3M,B,,
360,PTS,B,,
360,REB,B,,
360,AST,B,,
360,STL,B,,
360,BLK,B,,
360,DD,B,,
360,TO,A,,
361,FG%,B,,
361,FT%,B,,
361,3P%,A,,
361,FG3M,TIE,,
361,PTS,B,,
361,REB,B,,
361,AST,B,,
361,STL,B,,
361,BLK,B,,
361,DD,A,,
361,TO,A,,
362,FG%,B,,
362,FT%,B,,
362,3P%,B,,
362,FG3M,B,,
362,PTS,B,,
362,REB,B,,
362,AST,B,,
362,STL,B,,
362,BLK,B,,
362,DD,B,,
362,TO,A,,
363,FG%,B,,
363,FT%,A,,
363,3P%,B,,
363,FG3M,B,,
363,PTS,B,,
363,REB,B,,
363,AST,B,,
363,STL,B,,
363,BLK,B,,
363,DD,B,,
363,TO,A,,
364,FG%,B,,
364,FT%,B,,
364,3P%,B,,
364,FG3M,B,,
364,PTS,B,,
364,REB,B,,
364,AST,B,,
364,STL,B,,
364,BLK,A,,
364,DD,B,,
364,TO,A,,
365,FG%,B,,
365,FT%,B,,
365,3P%,B,,
365,FG3M,B,,
365,PTS,B,,
365,REB,B,,
365,AST,B,,
365,STL,B,,
365,BLK,B,,
365,DD,TIE,,
365,TO,A,,
366,FG%,B,,
366,FT%,B,,
366,3P%,B,,
366,FG3M,B,,
366,PTS,B,,
366,REB,B,,
366,AST,B,,
366,STL,A,,
366,BLK,B,,
366,DD,B,,
366,TO,A,,
367,FG%,B,,
367,FT%,B,,
367,3P%,A,,
367,FG3M,B,,
367,PTS,B,,
367,REB,B,,
367,AST,B,,
367,STL,B,,
367,BLK,B,,
367,DD,B,,
367,TO,A,,
368,FG%,B,,
368,FT%,B,,
368,3P%,B,,
368,FG3M,B,,
368,PTS,B,,
368,REB,B,,
368,AST,B,,
368,STL,A,,
368,BLK,B,,
368,DD,B,,
368,TO,A,,
369,FG%,B,,
369,FT%,A,,
369,3P%,B,,
369,FG3M,B,,
369,PTS,B,,
369,REB,B,,
369,AST,B,,
369,STL,B,,
369,BLK,B,,
369,DD,B,,
369,TO,A,,
370,FG%,B,,
370,FT%,B,,
370,3P%,B,,
370,FG3M,B,,
370,PTS,B,,
370,REB,B,,
370,AST,B,,
370,STL,B,,
370,BLK,B,,
370,DD,B,,
370,TO,A,,
371,FG%,B,,
371,FT%,B,,
371,3P%,B,,
371,FG3M,B,,
371,PTS,B,,
371,REB,B,,
371,AST,B,,
371,STL,A,,
371,BLK,B,,
371,DD,TIE,,
371,TO,A,,
372,FG%,B,,
372,FT%,B,,
372,3P%,B,,
372,FG3M,B,,
372,PTS,B,,
372,REB,B,,
372,AST,B,,
372,STL,B,,
372,BLK,B,,
372,DD,B,,
372,TO,B,,
373,FG%,B,,
373,FT%,A,,
373,3P%,B,,
373,FG3M,B,,
373,PTS,B,,
373,REB,B,,
373,AST,B,,
373,STL,B,,
373,BLK,B,,
373,DD,TIE,,
373,TO,B,,
374,FG%,B,,
374,FT%,B,,
374,3P%,B,,
374,FG3M,B,,
374,PTS,B,,
374,REB,B,,
374,AST,B,,
374,STL,B,,
374,BLK,B,,
374,DD,TIE,,
374,TO,A,,
375,FG%,B,,
375,FT%,B,,
375,3P%,A,,
375,FG3M,B,,
375,PTS,B,,
375,REB,B,,
375,AST,B,,
375,STL,B,,
375,BLK,A,,
375,DD,B,,
375,TO,A,,
376,FG%,B,,
376,FT%,B,,
376,3P%,B,,
376,FG3M,B,,
376,PTS,B,,
376,REB,B,,
376,AST,B,,
376,STL,B,,
376,BLK,B,,
376,DD,B,,
376,TO,A,,
377,FG%,B,,
377,FT%,B,,
377,3P%,A,,
377,FG3M,B,,
377,PTS,B,,
377,REB,B,,
377,AST,B,,
377,STL,B,,
377,BLK,B,,
377,DD,B,,
377,TO,A,,
378,FG%,B,,
378,FT%,B,,
378,3P%,B,,
378,FG3M,B,,
378,PTS,B,,
378,REB,B,,
378,AST,B,,
378,STL,B,,
378,BLK,A,,
378,DD,B,,
378,TO,A,,
379,FG%,B,,
379,FT%,B,,
379,3P%,B,,
379,FG3M,B,,
379,PTS,B,,
379,REB,B,,
379,AST,B,,
379,STL,B,,
379,BLK,B,,
379,DD,TIE,,
379,TO,A,,
380,FG%,B,,
380,FT%,B,,
380,3P%,B,,
380,FG3M,B,,
380,PTS,B,,
380,REB,B,,
380,AST,B,,
380,STL,B,,
380,BLK,A,,
380,DD,B,,
380,TO,A,,
381,FG%,A,,
381,FT%,B,,
381,3P%,B,,
381,FG3M,B,,
381,PTS,B,,
381,REB,B,,
381,AST,B,,
381,STL,B,,
381,BLK,B,,
381,DD,B,,
381,TO,A,,
382,FG%,B,,
382,FT%,B,,
382,3P%,B,,
382,FG3M,B,,
382,PTS,B,,
382,REB,B,,
382,AST,B,,
382,STL,B,,
382,BLK,B,,
382,DD,B,,
382,TO,A,,
383,FG%,B,,
383,FT%,B,,
383,3P%,B,,
383,FG3M,B,,
383,PTS,B,,
383,REB,B,,
383,AST,B,,
383,STL,B,,
383,BLK,B,,
383,DD,B,,
383,TO,A,,
384,FG%,B,,
384,FT%,B,,
384,3P%,B,,
384,FG3M,B,,
384,PTS,B,,
384,REB,B,,
384,AST,B,,
384,STL,B,,
384,BLK,B,,
384,DD,B,,
384,TO,A,,
385,FG%,B,,
385,FT%,B,,
385,3P%,B,,
385,FG3M,B,,
385,PTS,B,,
385,REB,B,,
385,AST,B,,
385,STL,A,,
385,BLK,B,,
385,DD,B,,
385,TO,B,,
386,FG%,B,,
386,FT%,A,,
386,3P%,B,,
386,FG3M,B,,
386,PTS,B,,
386,REB,B,,
386,AST,B,,
386,STL,B,,
386,BLK,TIE,,
386,DD,B,,
386,TO,A,,
387,FG%,B,,
387,FT%,B,,
387,3P%,B,,
387,FG3M,B,,
387,PTS,B,,
387,REB,B,,
387,AST,B,,
387,STL,B,,
387,BLK,B,,
387,DD,TIE,,
387,TO,A,,
388,FG%,B,,
388,FT%,B,,
388,3P%,B,,
388,FG3M,B,,
388,PTS,B,,
388,REB,B,,
388,AST,B,,
388,STL,B,,
388,BLK,B,,
388,DD,B,,
388,TO,A,,
389,FG%,B,,
389,FT%,B,,
389,3P%,B,,
389,FG3M,B,,
389,PTS,B,,
389,REB,B,,
389,AST,B,,
389,STL,B,,
389,BLK,B,,
389,DD,B,,
389,TO,A,,
390,FG%,A,,
390,FT%,B,,
390,3P%,B,,
390,FG3M,B,,
390,PTS,B,,
390,REB,B,,
390,AST,B,,
390,STL,B,,
390,BLK,B,,
390,DD,B,,
390,TO,A,,
391,FG%,B,,
391,FT%,B,,
391,3P%,A,,
391,FG3M,B,,
391,PTS,B,,
391,REB,B,,
391,AST,B,,
391,STL,B,,
391,BLK,B,,
391,DD,B,,
391,TO,A,,
392,FG%,B,,
392,FT%,B,,
392,3P%,B,,
392,FG3M,B,,
392,PTS,B,,
392,REB,B,,
392,AST,B,,
392,STL,B,,
392,BLK,B,,
392,DD,B,,
392,TO,A,,
393,FG%,B,,
393,FT%,B,,
393,3P%,B,,
393,FG3M,B,,
393,PTS,B,,
393,REB,B,,
393,AST,B,,
393,STL,B,,
393,BLK,B,,
393,DD,B,,
393,TO,B,,
394,FG%,B,,
394,FT%,B,,
394,3P%,A,,
394,FG3M,B,,
394,PTS,B,,
394,REB,B,,
394,AST,B,,
394,STL,B,,
394,BLK,B,,
394,DD,B,,
394,TO,A,,
395,FG%,B,,
395,FT%,B,,
395,3P%,B,,
395,FG3M,A,,
395,PTS,B,,
395,REB,B,,
395,AST,B,,
395,STL,A,,
395,BLK,B,,
395,DD,TIE,,
395,TO,A,,
396,FG%,B,,
396,FT%,B,,
396,3P%,B,,
396,FG3M,B,,
396,PTS,B,,
396,REB,B,,
396,AST,B,,
396,STL,B,,
396,BLK,B,,
396,DD,B,,
396,TO,A,,
397,FG%,B,,
397,FT%,B,,
397,3P%,B,,
397,FG3M,B,,
397,PTS,B,,
397,REB,B,,
397,AST,B,,
397,STL,B,,
397,BLK,B,,
397,DD,B,,
397,TO,A,,
398,FG%,B,,
398,FT%,B,,
398,3P%,B,,
398,FG3M,B,,
398,PTS,B,,
398,REB,B,,
398,AST,B,,
398,STL,B,,
398,BLK,B,,
398,DD,B,,
398,TO,A,,
399,FG%,B,,
399,FT%,B,,
399,3P%,A,,
399,FG3M,B,,
399,PTS,B,,
399,REB,B,,
399,AST,B,,
399,STL,B,,
399,BLK,B,,
399,DD,B,,
399,TO,A,,
400,FG%,A,,
400,FT%,B,,
400,3P%,B,,
400,FG3M,B,,
400,PTS,B,,
400,REB,B,,
400,AST,B,,
400,STL,B,,
400,BLK,B,,
400,DD,B,,
400,TO,A,,
401,FG%,B,,
401,FT%,B,,
401,3P%,B,,
401,FG3M,B,,
401,PTS,B,,
401,REB,B,,
401,AST,B,,
401,STL,TIE,,
401,BLK,B,,
401,DD,B,,
401,TO,A,,
402,FG%,B,,
402,FT%,B,,
402,3P%,B,,
402,FG3M,B,,
402,PTS,B,,
402,REB,B,,
402,AST,B,,
402,STL,B,,
402,BLK,B,,
402,DD,B,,
402,TO,A,,
403,FG%,B,,
403,FT%,B,,
403,3P%,B,,
403,FG3M,B,,
403,PTS,B,,
403,REB,B,,
403,AST,B,,
403,STL,TIE,,
403,BLK,A,,
403,DD,B,,
403,TO,A,,
404,FG%,B,,
404,FT%,B,,
404,3P%,B,,
404,FG3M,B,,
404,PTS,B,,
404,REB,B,,
404,AST,B,,
404,STL,B,,
404,BLK,A,,
404,DD,B,,
404,TO,A,,
405,FG%,B,,
405,FT%,B,,
405,3P%,B,,
405,FG3M,B,,
405,PTS,B,,
405,REB,B,,
405,AST,B,,
405,STL,B,,
405,BLK,A,,
405,DD,TIE,,
405,TO,A,,
406,FG%,B,,
406,FT%,B,,
406,3P%,B,,
406,FG3M,B,,
406,PTS,B,,
406,REB,B,,
406,AST,B,,
406,STL,B,,
406,BLK,B,,
406,DD,B,,
406,TO,A,,
407,FG%,B,,
407,FT%,B,,
407,3P%,B,,
407,FG3M,B,,
407,PTS,B,,
407,REB,B,,
407,AST,B,,
407,STL,B,,
407,BLK,B,,
407,DD,B,,
407,TO,A,,
408,FG%,A,,
408,FT%,B,,
408,3P%,A,,
408,FG3M,A,,
408,PTS,B,,
408,REB,B,,
408,AST,B,,
408,STL,B,,
408,BLK,B,,
408,DD,A,,
408,TO,A,,
409,FG%,B,,
409,FT%,B,,
409,3P%,A,,
409,FG3M,B,,
409,PTS,B,,
409,REB,B,,
409,AST,B,,
409,STL,B,,
409,BLK,B,,
409,DD,B,,
409,TO,A,,
410,FG%,B,,
410,FT%,B,,
410,3P%,A,,
410,FG3M,TIE,,
410,PTS,B,,
410,REB,B,,
410,AST,B,,
410,STL,B,,
410,BLK,B,,
410,DD,B,,
410,TO,A,,
411,FG%,B,,
411,FT%,B,,
411,3P%,B,,
411,FG3M,B,,
411,PTS,B,,
411,REB,B,,
411,AST,B,,
411,STL,B,,
411,BLK,B,,
411,DD,B,,
411,TO,A,,
412,FG%,B,,
412,FT%,B,,
412,3P%,B,,
412,FG3M,B,,
412,PTS,B,,
412,REB,B,,
412,AST,B,,
412,STL,B,,
412,BLK,B,,
412,DD,B,,
412,TO,A,,
413,FG%,B,,
413,FT%,B,,
413,3P%,B,,
413,FG3M,B,,
413,PTS,B,,
413,REB,B,,
413,AST,B,,
413,STL,B,,
413,BLK,B,,
413,DD,B,,
413,TO,A,,
414,FG%,B,,
414,FT%,B,,
414,3P%,A,,
414,FG3M,B,,
414,PTS,B,,
414,REB,B,,
414,AST,B,,
414,STL,B,,
414,BLK,TIE,,
414,DD,B,,
414,TO,A,,
415,FG%,B,,
415,FT%,B,,
415,3P%,B,,
415,FG3M,B,,
415,PTS,B,,
415,REB,B,,
415,AST,B,,
415,STL,TIE,,
415,BLK,B,,
415,DD,B,,
415,TO,A,,
416,FG%,B,,
416,FT%,B,,
416,3P%,B,,
416,FG3M,B,,
416,PTS,B,,
416,REB,B,,
416,AST,B,,
416,STL,B,,
416,BLK,B,,
416,DD,B,,
416,TO,A,,
417,FG%,B,,
417,FT%,B,,
417,3P%,A,,
417,FG3M,B,,
417,PTS,B,,
417,REB,B,,
417,AST,B,,
417,STL,B,,
417,BLK,B,,
417,DD,B,,
417,TO,A,,
418,FG%,B,,
418,FT%,B,,
418,3P%,B,,
418,FG3M,B,,
418,PTS,B,,
418,REB,B,,
418,AST,B,,
418,STL,B,,
418,BLK,B,,
418,DD,B,,
418,TO,A,,
419,FG%,B,,
419,FT%,B,,
419,3P%,B,,
419,FG3M,B,,
419,PTS,B,,
419,REB,B,,
419,AST,B,,
419,STL,A,,
419,BLK,B,,
419,DD,B,,
419,TO,A,,
420,FG%,B,,
420,FT%,B,,
420,3P%,B,,
420,FG3M,B,,
420,PTS,B,,
420,REB,B,,
420,AST,B,,
420,STL,B,,
420,BLK,B,,
420,DD,B,,
420,TO,A,,
421,FG%,B,,
421,FT%,B,,
421,3P%,B,,
421,FG3M,B,,
421,PTS,B,,
421,REB,B,,
421,AST,B,,
421,STL,B,,
421,BLK,A,,
421,DD,B,,
421,TO,A,,
422,FG%,B,,
422,FT%,B,,
422,3P%,B,,
422,FG3M,B,,
422,PTS,B,,
422,REB,B,,
422,AST,B,,
422,STL,B,,
422,BLK,A,,
422,DD,B,,
422,TO,A,,
423,FG%,B,,
423,FT%,B,,
423,3P%,B,,
423,FG3M,A,,
423,PTS,B,,
423,REB,B,,
423,AST,B,,
423,STL,A,,
423,BLK,B,,
423,DD,B,,
423,TO,A,,
424,FG%,B,,
424,FT%,B,,
424,3P%,A,,
424,FG3M,A,,
424,PTS,B,,
424,REB,B,,
424,AST,B,,
424,STL,B,,
424,BLK,B,,
424,DD,B,,
424,TO,A,,
425,FG%,B,,
425,FT%,B,,
425,3P%,B,,
425,FG3M,B,,
425,PTS,B,,
425,REB,B,,
425,AST,B,,
425,STL,B,,
425,BLK,B,,
425,DD,B,,
425,TO,A,,
426,FG%,B,,
426,FT%,B,,
426,3P%,B,,
426,FG3M,B,,
426,PTS,B,,
426,REB,B,,
426,AST,B,,
426,STL,B,,
426,BLK,B,,
426,DD,A,,
426,TO,A,,
427,FG%,B,,
427,FT%,B,,
427,3P%,B,,
427,FG3M,B,,
427,PTS,B,,
427,REB,B,,
427,AST,B,,
427,STL,B,,
427,BLK,B,,
427,DD,B,,
427,TO,A,,
428,FG%,B,,
428,FT%,B,,
428,3P%,A,,
428,FG3M,B,,
428,PTS,B,,
428,REB,B,,
428,AST,B,,
428,STL,B,,
428,BLK,B,,
428,DD,TIE,,
428,TO,A,,
429,FG%,B,,
429,FT%,B,,
429,3P%,B,,
429,FG3M,B,,
429,PTS,B,,
429,REB,B,,
429,AST,B,,
429,STL,B,,
429,BLK,B,,
429,DD,B,,
429,TO,A,,
430,FG%,B,,
430,FT%,B,,
430,3P%,B,,
430,FG3M,B,,
430,PTS,B,,
430,REB,B,,
430,AST,B,,
430,STL,B,,
430,BLK,B,,
430,DD,B,,
430,TO,A,,
431,FG%,B,,
431,FT%,B,,
431,3P%,B,,
431,FG3M,B,,
431,PTS,B,,
431,REB,B,,
431,AST,B,,
431,STL,B,,
431,BLK,B,,
431,DD,A,,
431,TO,A,,
432,FG%,A,,
432,FT%,B,,
432,3P%,B,,
432,FG3M,B,,
432,PTS,B,,
432,REB,B,,
432,AST,B,,
432,STL,A,,
432,BLK,B,,
432,DD,B,,
432,TO,A,,
433,FG%,B,,
433,FT%,B,,
433,3P%,B,,
433,FG3M,B,,
433,PTS,B,,
433,REB,B,,
433,AST,B,,
433,STL,B,,
433,BLK,TIE,,
433,DD,B,,
433,TO,A,,
434,FG%,B,,
434,FT%,A,,
434,3P%,B,,
434,FG3M,B,,
434,PTS,B,,
434,REB,B,,
434,AST,B,,
434,STL,A,,
434,BLK,B,,
434,DD,B,,
434,TO,A,,
435,FG%,B,,
435,FT%,B,,
435,3P%,B,,
435,FG3M,B,,
435,PTS,B,,
435,REB,B,,
435,AST,B,,
435,STL,B,,
435,BLK,B,,
435,DD,B,,
435,TO,A,,
436,FG%,B,,
436,FT%,B,,
436,3P%,A,,
436,FG3M,B,,
436,PTS,B,,
436,REB,A,,
436,AST,B,,
436,STL,B,,
436,BLK,B,,
436,DD,TIE,,
436,TO,A,,
437,FG%,B,,
437,FT%,B,,
437,3P%,B,,
437,FG3M,B,,
437,PTS,B,,
437,REB,B,,
437,AST,B,,
437,STL,B,,
437,BLK,A,,
437,DD,B,,
437,TO,A,,
438,FG%,B,,
438,FT%,B,,
438,3P%,B,,
438,FG3M,B,,
438,PTS,B,,
438,REB,B,,
438,AST,B,,
438,STL,B,,
438,BLK,B,,
438,DD,B,,
438,TO,A,,
439,FG%,B,,
439,FT%,B,,
439,3P%,A,,
439,FG3M,A,,
439,PTS,B,,
439,REB,B,,
439,AST,B,,
439,STL,B,,
439,BLK,A,,
439,DD,B,,
439,TO,A,,
440,FG%,B,,
440,FT%,B,,
440,3P%,B,,
440,FG3M,B,,
440,PTS,B,,
440,REB,B,,
440,AST,B,,
440,STL,B,,
440,BLK,B,,
440,DD,B,,
440,TO,A,,
441,FG%,B,,
441,FT%,B,,
441,3P%,B,,
441,FG3M,B,,
441,PTS,B,,
441,REB,B,,
441,AST,B,,
441,STL,B,,
441,BLK,B,,
441,DD,B,,
441,TO,A,,
442,FG%,A,,
442,FT%,B,,
442,3P%,B,,
442,FG3M,B,,
442,PTS,B,,
442,REB,B,,
442,AST,B,,
442,STL,TIE,,
442,BLK,B,,
442,DD,B,,
442,TO,A,,
443,FG%,B,,
443,FT%,B,,
443,3P%,A,,
443,FG3M,B,,
443,PTS,B,,
443,REB,B,,
443,AST,B,,
443,STL,B,,
443,BLK,B,,
443,DD,B,,
443,TO,B,,
444,FG%,B,,
444,FT%,B,,
444,3P%,A,,
444,FG3M,B,,
444,PTS,B,,
444,REB,B,,
444,AST,B,,
444,STL,A,,
444,BLK,A,,
444,DD,B,,
444,TO,A,,
445,FG%,B,,
445,FT%,B,,
445,3P%,B,,
445,FG3M,B,,
445,PTS,B,,
445,REB,B,,
445,AST,B,,
445,STL,B,,
445,BLK,B,,
445,DD,B,,
445,TO,A,,
446,FG%,A,,
446,FT%,B,,
446,3P%,A,,
446,FG3M,B,,
446,PTS,B,,
446,REB,B,,
446,AST,B,,
446,STL,B,,
446,BLK,B,,
446,DD,B,,
446,TO,A,,
447,FG%,B,,
447,FT%,B,,
447,3P%,B,,
447,FG3M,B,,
447,PTS,B,,
447,REB,B,,
447,AST,B,,
447,STL,B,,
447,BLK,B,,
447,DD,B,,
447,TO,A,,
448,FG%,B,,
448,FT%,B,,
448,3P%,A,,
448,FG3M,B,,
448,PTS,B,,
448,REB,B,,
448,AST,B,,
448,STL,B,,
448,BLK,B,,
448,DD,B,,
448,TO,A,,
449,FG%,B,,
449,FT%,B,,
449,3P%,B,,
449,FG3M,B,,
449,PTS,B,,
449,REB,B,,
449,AST,B,,
449,STL,A,,
449,BLK,A,,
449,DD,B,,
449,TO,A,,
450,FG%,B,,
450,FT%,B,,
450,3P%,B,,
450,FG3M,B,,
450,PTS,B,,
450,REB,B,,
450,AST,B,,
450,STL,A,,
450,BLK,B,,
450,DD,B,,
450,TO,A,,
451,FG%,B,,
451,FT%,B,,
451,3P%,B,,
451,FG3M,B,,
451,PTS,B,,
451,REB,B,,
451,AST,B,,
451,STL,B,,
451,BLK,B,,
451,DD,B,,
451,TO,A,,
452,FG%,B,,
452,FT%,B,,
452,3P%,B,,
452,FG3M,B,,
452,PTS,B,,
452,REB,B,,
452,AST,B,,
452,STL,A,,
452,BLK,B,,
452,DD,B,,
452,TO,A,,
453,FG%,B,,
453,FT%,B,,
453,3P%,B,,
453,FG3M,A,,
453,PTS,B,,
453,REB,B,,
453,AST,B,,
453,STL,A,,
453,BLK,B,,
453,DD,TIE,,
453,TO,A,,
454,FG%,B,,
454,FT%,B,,
454,3P%,A,,
454,FG3M,A,,
454,PTS,B,,
454,REB,B,,
454,AST,B,,
454,STL,B,,
454,BLK,B,,
454,DD,B,,
454,TO,A,,
455,FG%,A,,
455,FT%,B,,
455,3P%,A,,
455,FG3M,B,,
455,PTS,B,,
455,REB,B,,
455,AST,B,,
455,STL,B,,
455,BLK,B,,
455,DD,B,,
455,TO,A,,
456,FG%,B,,
456,FT%,B,,
456,3P%,B,,
456,FG3M,B,,
456,PTS,B,,
456,REB,B,,
456,AST,B,,
456,STL,TIE,,
456,BLK,B,,
456,DD,B,,
456,TO,A,,
457,FG%,B,,
457,FT%,B,,
457,3P%,B,,
457,FG3M,B,,
457,PTS,B,,
457,REB,B,,
457,AST,B,,
457,STL,B,,
457,BLK,B,,
457,DD,B,,
457,TO,A,,
458,FG%,A,,
458,FT%,B,,
458,3P%,A,,
458,FG3M,A,,
458,PTS,B,,
458,REB,B,,
458,AST,B,,
458,STL,B,,
458,BLK,B,,
458,DD,B,,
458,TO,A,,
459,FG%,A,,
459,FT%,B,,
459,3P%,B,,
459,FG3M,B,,
459,PTS,B,,
459,REB,B,,
459,AST,B,,
459,STL,B,,
459,BLK,TIE,,
459,DD,B,,
459,TO,A,,
460,FG%,B,,
460,FT%,B,,
460,3P%,A,,
460,FG3M,B,,
460,PTS,B,,
460,REB,B,,
460,AST,B,,
460,STL,B,,
460,BLK,TIE,,
460,DD,B,,
460,TO,A,,
461,FG%,B,,
461,FT%,B,,
461,3P%,B,,
461,FG3M,B,,
461,PTS,B,,
461,REB,B,,
461,AST,B,,
461,STL,B,,
461,BLK,B,,
461,DD,A,,
461,TO,A,,
462,FG%,B,,
462,FT%,B,,
462,3P%,A,,
462,FG3M,B,,
462,PTS,B,,
462,REB,B,,
462,AST,B,,
462,STL,B,,
462,BLK,B,,
462,DD,B,,
462,TO,A,,
463,FG%,B,,
463,FT%,B,,
463,3P%,B,,
463,FG3M,B,,
463,PTS,B,,
463,REB,B,,
463,AST,B,,
463,STL,B,,
463,BLK,B,,
463,DD,B,,
463,TO,A,,
464,FG%,B,,
464,FT%,B,,
464,3P%,B,,
464,FG3M,B,,
464,PTS,B,,
464,REB,B,,
464,AST,B,,
464,STL,B,,
464,BLK,B,,
464,DD,B,,
464,TO,A,,
465,FG%,B,,
465,FT%,B,,
465,3P%,B,,
465,FG3M,B,,
465,PTS,B,,
465,REB,B,,
465,AST,B,,
465,STL,A,,
465,BLK,B,,
465,DD,B,,
465,TO,A,,
466,FG%,B,,
466,FT%,A,,
466,3P%,B,,
466,FG3M,B,,
466,PTS,B,,
466,REB,B,,
466,AST,B,,
466,STL,B,,
466,BLK,B,,
466,DD,B,,
466,TO,A,,
467,FG%,B,,
467,FT%,B,,
467,3P%,A,,
467,FG3M,B,,
467,PTS,B,,
467,REB,B,,
467,AST,B,,
467,STL,B,,
467,BLK,B,,
467,DD,B,,
467,TO,A,,
468,FG%,B,,
468,FT%,B,,
468,3P%,B,,
468,FG3M,B,,
468,PTS,B,,
468,REB,B,,
468,AST,B,,
468,STL,B,,
468,BLK,B,,
468,DD,B,,
468,TO,A,,
469,FG%,B,,
469,FT%,B,,
469,3P%,B,,
469,FG3M,B,,
469,PTS,B,,
469,REB,B,,
469,AST,B,,
469,STL,B,,
469,BLK,B,,
469,DD,B,,
469,TO,A,,
470,FG%,B,,
470,FT%,B,,
470,3P%,B,,
470,FG3M,B,,
470,PTS,B,,
470,REB,B,,
470,AST,B,,
470,STL,B,,
470,BLK,B,,
470,DD,TIE,,
470,TO,A,,
471,FG%,B,,
471,FT%,B,,
471,3P%,B,,
471,FG3M,B,,
471,PTS,B,,
471,REB,B,,
471,AST,B,,
471,STL,B,,
471,BLK,B,,
471,DD,B,,
471,TO,A,,
472,FG%,B,,
472,FT%,B,,
472,3P%,B,,
472,FG3M,B,,
472,PTS,B,,
472,REB,B,,
472,AST,B,,
472,STL,TIE,,
472,BLK,B,,
472,DD,B,,
472,TO,A,,
473,FG%,B,,
473,FT%,A,,
473,3P%,B,,
473,FG3M,B,,
473,PTS,B,,
473,REB,B,,
473,AST,B,,
473,STL,B,,
473,BLK,B,,
473,DD,B,,
473,TO,A,,
474,FG%,B,,
474,FT%,B,,
474,3P%,A,,
474,FG3M,B,,
474,PTS,B,,
474,REB,B,,
474,AST,B,,
474,STL,A,,
474,BLK,B,,
474,DD,B,,
474,TO,B,,
475,FG%,A,,
475,FT%,B,,
475,3P%,B,,
475,FG3M,B,,
475,PTS,B,,
475,REB,B,,
475,AST,B,,
475,STL,B,,
475,BLK,B,,
475,DD,B,,
475,TO,A,,
476,FG%,B,,
476,FT%,B,,
476,3P%,B,,
476,FG3M,B,,
476,PTS,B,,
476,REB,B,,
476,AST,B,,
476,STL,B,,
476,BLK,B,,
476,DD,B,,
476,TO,A,,
477,FG%,A,,
477,FT%,B,,
477,3P%,B,,
477,FG3M,B,,
477,PTS,B,,
477,REB,B,,
477,AST,B,,
477,STL,B,,
477,BLK,B,,
477,DD,B,,
477,TO,A,,
478,FG%,A,,
478,FT%,B,,
478,3P%,B,,
478,FG3M,B,,
478,PTS,B,,
478,REB,B,,
478,AST,B,,
478,STL,TIE,,
478,BLK,B,,
478,DD,B,,
478,TO,A,,
479,FG%,B,,
479,FT%,B,,
479,3P%,B,,
479,FG3M,B,,
479,PTS,B,,
479,REB,B,,
479,AST,B,,
479,STL,B,,
479,BLK,B,,
479,DD,B,,
479,TO,A,,
480,FG%,B,,
480,FT%,B,,
480,3P%,B,,
480,FG3M,B,,
480,PTS,B,,
480,REB,B,,
480,AST,B,,
480,STL,B,,
480,BLK,B,,
480,DD,B,,
480,TO,A,,
481,FG%,B,,
481,FT%,B,,
481,3P%,B,,
481,FG3M,B,,
481,PTS,B,,
481,REB,B,,
481,AST,B,,
481,STL,A,,
481,BLK,B,,
481,DD,B,,
481,TO,A,,
482,FG%,B,,
482,FT%,B,,
482,3P%,B,,
482,FG3M,B,,
482,PTS,B,,
482,REB,B,,
482,AST,B,,
482,STL,B,,
482,BLK,B,,
482,DD,B,,
482,TO,A,,
483,FG%,B,,
483,FT%,B,,
483,3P%,B,,
483,FG3M,B,,
483,PTS,B,,
483,REB,B,,
483,AST,B,,
483,STL,B,,
483,BLK,B,,
483,DD,B,,
483,TO,A,,
484,FG%,B,,
484,FT%,B,,
484,3P%,B,,
484,FG3M,B,,
484,PTS,B,,
484,REB,B,,
484,AST,B,,
484,STL,B,,
484,BLK,B,,
484,DD,B,,
484,TO,A,,
485,FG%,B,,
485,FT%,B,,
485,3P%,B,,
485,FG3M,B,,
485,PTS,B,,
485,REB,B,,
485,AST,B,,
485,STL,B,,
485,BLK,B,,
485,DD,B,,
485,TO,A,,
486,FG%,B,,
486,FT%,A,,
486,3P%,B,,
486,FG3M,B,,
486,PTS,B,,
486,REB,B,,
486,AST,B,,
486,STL,A,,
486,BLK,A,,
486,DD,B,,
486,TO,A,,
487,FG%,B,,
487,FT%,B,,
487,3P%,B,,
487,FG3M,B,,
487,PTS,B,,
487,REB,B,,
487,AST,B,,
487,STL,B,,
487,BLK,B,,
487,DD,B,,
487,TO,A,,
488,FG%,B,,
488,FT%,B,,
488,3P%,B,,
488,FG3M,B,,
488,PTS,B,,
488,REB,B,,
488,AST,B,,
488,STL,B,,
488,BLK,B,,
488,DD,B,,
488,TO,A,,
489,FG%,A,,
489,FT%,B,,
489,3P%,A,,
489,FG3M,B,,
489,PTS,B,,
489,REB,B,,
489,AST,B,,
489,STL,B,,
489,BLK,B,,
489,DD,B,,
489,TO,A,,
490,FG%,B,,
490,FT%,B,,
490,3P%,B,,
490,FG3M,B,,
490,PTS,B,,
490,REB,B,,
490,AST,B,,
490,STL,B,,
490,BLK,TIE,,
490,DD,B,,
490,TO,A,,
491,FG%,B,,
491,FT%,B,,
491,3P%,A,,
491,FG3M,A,,
491,PTS,B,,
491,REB,B,,
491,AST,B,,
491,STL,B,,
491,BLK,B,,
491,DD,B,,
491,TO,A,,
492,FG%,B,,
492,FT%,B,,
492,3P%,B,,
492,FG3M,B,,
492,PTS,B,,
492,REB,B,,
492,AST,B,,
492,STL,B,,
492,BLK,B,,
492,DD,B,,
492,TO,A,,
493,FG%,B,,
493,FT%,A,,
493,3P%,B,,
493,FG3M,B,,
493,PTS,B,,
493,REB,B,,
493,AST,B,,
493,STL,B,,
493,BLK,B,,
493,DD,TIE,,
493,TO,A,,
494,FG%,B,,
494,FT%,B,,
494,3P%,B,,
494,FG3M,B,,
494,PTS,B,,
494,REB,B,,
494,AST,B,,
494,STL,B,,
494,BLK,B,,
494,DD,B,,
494,TO,A,,
495,FG%,A,,
495,FT%,B,,
495,3P%,B,,
495,FG3M,B,,
495,PTS,B,,
495,REB,B,,
495,AST,B,,
495,STL,B,,
495,BLK,B,,
495,DD,B,,
495,TO,A,,
496,FG%,B,,
496,FT%,B,,
496,3P%,B,,
496,FG3M,B,,
496,PTS,B,,
496,REB,B,,
496,AST,B,,
496,STL,B,,
496,BLK,B,,
496,DD,B,,
496,TO,A,,
497,FG%,A,,
497,FT%,B,,
497,3P%,B,,
497,FG3M,B,,
497,PTS,B,,
497,REB,B,,
497,AST,B,,
497,STL,B,,
497,BLK,B,,
497,DD,B,,
497,TO,A,,
498,FG%,B,,
498,FT%,B,,
498,3P%,B,,
498,FG3M,B,,
498,PTS,B,,
498,REB,B,,
498,AST,B,,
498,STL,B,,
498,BLK,A,,
498,DD,B,,
498,TO,A,,
499,FG%,B,,
499,FT%,B,,
499,3P%,A,,
499,FG3M,B,,
499,PTS,B,,
499,REB,B,,
499,AST,B,,
499,STL,B,,
499,BLK,B,,
499,DD,B,,
499,TO,A,,
